소방서명,안전센터명,주소,관할동(크롤링 결과 기입란)
119구급대,(산하 안전센터 없음),,
119구급대,(산하 안전센터 없음),,
119구급대,(산하 안전센터 없음),,
119구급대,(산하 안전센터 없음),,
119구급대,(산하 안전센터 없음),,
119구급대,(산하 안전센터 없음),,
119구급대,(산하 안전센터 없음),,
119구급대,(산하 안전센터 없음),,
119구급대,(산하 안전센터 없음),,
119구급대,(산하 안전센터 없음),,
119구급대,(산하 안전센터 없음),,
119구급대,(산하 안전센터 없음),,
119구급대,(산하 안전센터 없음),,
119구급대,(산하 안전센터 없음),,
119구급대,(산하 안전센터 없음),,
119구급대,(산하 안전센터 없음),,
119구급대,(산하 안전센터 없음),,
119구급대,(산하 안전센터 없음),,
119구급대,(산하 안전센터 없음),,
119구급대,(산하 안전센터 없음),,
119구급대,(산하 안전센터 없음),,
119구급대,(산하 안전센터 없음),,
119구급대,(산하 안전센터 없음),,
119구급대,(산하 안전센터 없음),,
119구급대,(산하 안전센터 없음),,
119구급대,(산하 안전센터 없음),,
119구급대,(산하 안전센터 없음),,
119구급대,(산하 안전센터 없음),,
119구급대,(산하 안전센터 없음),,
119구급대,(산하 안전센터 없음),,
119구급대,(산하 안전센터 없음),,
119구급대,(산하 안전센터 없음),,
119구급대,(산하 안전센터 없음),,
119구급대,(산하 안전센터 없음),,
119구급대,(산하 안전센터 없음),,
119구급대,(산하 안전센터 없음),,
119구급대,(산하 안전센터 없음),,
119구조구급센터,(산하 안전센터 없음),,
119구조구급센터,(산하 안전센터 없음),,
119구조구급센터,(산하 안전센터 없음),,
119구조구급센터,(산하 안전센터 없음),,
119구조구급센터,(산하 안전센터 없음),,
119구조구급센터,(산하 안전센터 없음),,
119구조구급센터,(산하 안전센터 없음),,
119구조구급센터,(산하 안전센터 없음),,
119구조구급센터,(산하 안전센터 없음),,
119구조구급센터,(산하 안전센터 없음),,
119구조구급센터,(산하 안전센터 없음),,
119구조구급센터,(산하 안전센터 없음),,
119구조구급센터,(산하 안전센터 없음),,
119구조구급센터,(산하 안전센터 없음),,
119구조구급센터,(산하 안전센터 없음),,
119구조구급센터,(산하 안전센터 없음),,
119구조구급센터,(산하 안전센터 없음),,
119구조구급센터,(산하 안전센터 없음),,
119구조구급센터,(산하 안전센터 없음),,
119구조구급센터,(산하 안전센터 없음),,
119구조구급센터,(산하 안전센터 없음),,
119구조구급센터,(산하 안전센터 없음),,
119구조구급센터,(산하 안전센터 없음),,
119구조구급센터,(산하 안전센터 없음),,
119구조구급센터,(산하 안전센터 없음),,
119구조구급센터,(산하 안전센터 없음),,
119구조구급센터,(산하 안전센터 없음),,
119구조구급센터,(산하 안전센터 없음),,
119구조구급센터,(산하 안전센터 없음),,
119구조구급센터,(산하 안전센터 없음),,
119구조구급센터,(산하 안전센터 없음),,
119구조구급센터,(산하 안전센터 없음),,
119구조구급센터,(산하 안전센터 없음),,
119구조구급센터,(산하 안전센터 없음),,
119구조구급센터,(산하 안전센터 없음),,
119구조구급센터,(산하 안전센터 없음),,
119구조대,(산하 안전센터 없음),,
119구조대,(산하 안전센터 없음),,
119구조대,(산하 안전센터 없음),,
119구조대,(산하 안전센터 없음),,
119구조대,(산하 안전센터 없음),,
119구조대,(산하 안전센터 없음),,
119구조대,(산하 안전센터 없음),,
119구조대,(산하 안전센터 없음),,
119구조대,(산하 안전센터 없음),,
119구조대,(산하 안전센터 없음),,
119구조대,(산하 안전센터 없음),,
119구조대,(산하 안전센터 없음),,
119구조대,(산하 안전센터 없음),,
119구조대,(산하 안전센터 없음),,
119구조대,(산하 안전센터 없음),,
119구조대,(산하 안전센터 없음),,
119구조대,(산하 안전센터 없음),,
119구조대,(산하 안전센터 없음),,
119구조대,(산하 안전센터 없음),,
119구조대,(산하 안전센터 없음),,
119구조대,(산하 안전센터 없음),,
119구조대,(산하 안전센터 없음),,
119구조대,(산하 안전센터 없음),,
119구조대,(산하 안전센터 없음),,
119구조대,(산하 안전센터 없음),,
119구조대,(산하 안전센터 없음),,
119구조대,(산하 안전센터 없음),,
119구조대,(산하 안전센터 없음),,
119구조대,(산하 안전센터 없음),,
119구조대,(산하 안전센터 없음),,
119구조대,(산하 안전센터 없음),,
119구조대,(산하 안전센터 없음),,
119구조대,(산하 안전센터 없음),,
119구조대,(산하 안전센터 없음),,
119구조대,(산하 안전센터 없음),,
119구조대,(산하 안전센터 없음),,
119구조대,(산하 안전센터 없음),,
119구조대,(산하 안전센터 없음),,
119구조대,(산하 안전센터 없음),,
119구조대,(산하 안전센터 없음),,
119구조대,(산하 안전센터 없음),,
119구조대,(산하 안전센터 없음),,
119구조대,(산하 안전센터 없음),,
119구조대,(산하 안전센터 없음),,
119구조대,(산하 안전센터 없음),,
119구조대,(산하 안전센터 없음),,
119구조대,(산하 안전센터 없음),,
119구조대,(산하 안전센터 없음),,
119구조대,(산하 안전센터 없음),,
119구조대,(산하 안전센터 없음),,
119구조대,(산하 안전센터 없음),,
119구조대,(산하 안전센터 없음),,
119구조대,(산하 안전센터 없음),,
119구조대,(산하 안전센터 없음),,
119구조대,(산하 안전센터 없음),,
119구조대,(산하 안전센터 없음),,
119구조대,(산하 안전센터 없음),,
119구조대,(산하 안전센터 없음),,
119구조대,(산하 안전센터 없음),,
119구조대,(산하 안전센터 없음),,
119구조대,(산하 안전센터 없음),,
119구조대,(산하 안전센터 없음),,
119구조대,(산하 안전센터 없음),,
119구조대,(산하 안전센터 없음),,
119구조대,(산하 안전센터 없음),,
119구조대,(산하 안전센터 없음),,
119구조대,(산하 안전센터 없음),,
119구조대,(산하 안전센터 없음),,
119구조대,(산하 안전센터 없음),,
119구조대,(산하 안전센터 없음),,
119구조대,(산하 안전센터 없음),,
119구조대,(산하 안전센터 없음),,
119구조대,(산하 안전센터 없음),,
119구조대,(산하 안전센터 없음),,
119구조대,(산하 안전센터 없음),,
119구조대,(산하 안전센터 없음),,
119구조대,(산하 안전센터 없음),,
119구조대,(산하 안전센터 없음),,
119구조대,(산하 안전센터 없음),,
119구조대,(산하 안전센터 없음),,
119구조대,(산하 안전센터 없음),,
119구조대,(산하 안전센터 없음),,
119구조대,(산하 안전센터 없음),,
119구조대,(산하 안전센터 없음),,
119구조대,(산하 안전센터 없음),,
119구조대,(산하 안전센터 없음),,
119구조대,(산하 안전센터 없음),,
119구조대,(산하 안전센터 없음),,
119구조대,(산하 안전센터 없음),,
119구조대,(산하 안전센터 없음),,
119구조대,(산하 안전센터 없음),,
119구조대,(산하 안전센터 없음),,
119구조대,(산하 안전센터 없음),,
119구조대,(산하 안전센터 없음),,
119구조대,(산하 안전센터 없음),,
119구조대,(산하 안전센터 없음),,
119구조대,(산하 안전센터 없음),,
119구조대,(산하 안전센터 없음),,
119구조대,(산하 안전센터 없음),,
119구조대,(산하 안전센터 없음),,
119구조대,(산하 안전센터 없음),,
119구조대,(산하 안전센터 없음),,
119구조대,(산하 안전센터 없음),,
119구조대,(산하 안전센터 없음),,
119구조대,(산하 안전센터 없음),,
119구조대,(산하 안전센터 없음),,
119구조대,(산하 안전센터 없음),,
119구조대,(산하 안전센터 없음),,
119구조대,(산하 안전센터 없음),,
119구조대,(산하 안전센터 없음),,
119구조대,(산하 안전센터 없음),,
119구조대,(산하 안전센터 없음),,
119구조대,(산하 안전센터 없음),,
119구조대,(산하 안전센터 없음),,
119구조대,(산하 안전센터 없음),,
119구조대,(산하 안전센터 없음),,
119구조대,(산하 안전센터 없음),,
119구조대,(산하 안전센터 없음),,
119구조대,(산하 안전센터 없음),,
119구조대,(산하 안전센터 없음),,
119구조대,(산하 안전센터 없음),,
119구조대,(산하 안전센터 없음),,
119구조대,(산하 안전센터 없음),,
119구조대,(산하 안전센터 없음),,
119구조대,(산하 안전센터 없음),,
119구조대,(산하 안전센터 없음),,
119구조대,(산하 안전센터 없음),,
119구조대,(산하 안전센터 없음),,
119구조대,(산하 안전센터 없음),,
119구조대,(산하 안전센터 없음),,
119구조대,(산하 안전센터 없음),,
119구조대,(산하 안전센터 없음),,
119구조대,(산하 안전센터 없음),,
119구조대,(산하 안전센터 없음),,
119구조대,(산하 안전센터 없음),,
119구조대,(산하 안전센터 없음),,
119구조대,(산하 안전센터 없음),,
119구조대,(산하 안전센터 없음),,
119구조대,(산하 안전센터 없음),,
119구조대,(산하 안전센터 없음),,
119구조대,(산하 안전센터 없음),,
119구조대,(산하 안전센터 없음),,
119구조대,(산하 안전센터 없음),,
119구조대,(산하 안전센터 없음),,
119구조대,(산하 안전센터 없음),,
119구조대,(산하 안전센터 없음),,
119구조대,(산하 안전센터 없음),,
119구조대,(산하 안전센터 없음),,
119구조대,(산하 안전센터 없음),,
119구조대,(산하 안전센터 없음),,
119구조대,(산하 안전센터 없음),,
119구조대,(산하 안전센터 없음),,
119구조대,(산하 안전센터 없음),,
119구조대,(산하 안전센터 없음),,
119구조대,(산하 안전센터 없음),,
119구조대,(산하 안전센터 없음),,
119구조대,(산하 안전센터 없음),,
119구조대,(산하 안전센터 없음),,
119구조대,(산하 안전센터 없음),,
119구조대,(산하 안전센터 없음),,
119구조대,(산하 안전센터 없음),,
119구조대,(산하 안전센터 없음),,
119구조대,(산하 안전센터 없음),,
119구조대,(산하 안전센터 없음),,
119구조대,(산하 안전센터 없음),,
119구조대,(산하 안전센터 없음),,
119구조대,(산하 안전센터 없음),,
119구조대,(산하 안전센터 없음),,
119구조대,(산하 안전센터 없음),,
119구조대,(산하 안전센터 없음),,
119구조대,(산하 안전센터 없음),,
119구조대,(산하 안전센터 없음),,
119구조대,(산하 안전센터 없음),,
119구조대,(산하 안전센터 없음),,
119구조대,(산하 안전센터 없음),,
119구조대,(산하 안전센터 없음),,
119구조대,(산하 안전센터 없음),,
119구조대,(산하 안전센터 없음),,
119구조대,(산하 안전센터 없음),,
119구조대,(산하 안전센터 없음),,
119구조대,(산하 안전센터 없음),,
119구조대,(산하 안전센터 없음),,
119구조대,(산하 안전센터 없음),,
119구조대,(산하 안전센터 없음),,
119구조대,(산하 안전센터 없음),,
119구조대,(산하 안전센터 없음),,
119구조대,(산하 안전센터 없음),,
119구조대,(산하 안전센터 없음),,
119구조대,(산하 안전센터 없음),,
119구조대,(산하 안전센터 없음),,
119구조대,(산하 안전센터 없음),,
119구조대,(산하 안전센터 없음),,
119구조대,(산하 안전센터 없음),,
119구조대,(산하 안전센터 없음),,
119구조대,(산하 안전센터 없음),,
119구조대,(산하 안전센터 없음),,
119구조대,(산하 안전센터 없음),,
119구조대,(산하 안전센터 없음),,
119산악구조대,(산하 안전센터 없음),,
119종합상황실,(산하 안전센터 없음),,
119종합상황실,(산하 안전센터 없음),,
119종합상황실,(산하 안전센터 없음),,
119종합상황실,(산하 안전센터 없음),,
119특수구조단,(산하 안전센터 없음),,
119특수구조단,(산하 안전센터 없음),,
119특수구조단,(산하 안전센터 없음),,
119특수구조단,(산하 안전센터 없음),,
119특수구조대,(산하 안전센터 없음),,
119특수대응단,(산하 안전센터 없음),,
119특수대응단,(산하 안전센터 없음),,
119특수대응단,(산하 안전센터 없음),,
119특수대응단,(산하 안전센터 없음),,
119항공대,(산하 안전센터 없음),,
119항공대,(산하 안전센터 없음),,
119항공대,(산하 안전센터 없음),,
119항공대,(산하 안전센터 없음),,
119항공대,(산하 안전센터 없음),,
119화학대응센터,(산하 안전센터 없음),,
가경119안전센터,(산하 안전센터 없음),,
가곡119안전센터,(산하 안전센터 없음),,
가곡119지역대,(산하 안전센터 없음),,
가남119안전센터,(산하 안전센터 없음),,
가덕도119지역대,(산하 안전센터 없음),,
가락119안전센터,(산하 안전센터 없음),,
가사문학119지역대,(산하 안전센터 없음),,
가산119안전센터,(산하 안전센터 없음),,
가산119안전센터,(산하 안전센터 없음),,
가수원119안전센터,(산하 안전센터 없음),,
가야119안전센터,(산하 안전센터 없음),,
가야119안전센터,(산하 안전센터 없음),,
가양119안전센터,(산하 안전센터 없음),,
가운119안전센터,(산하 안전센터 없음),,
가은119안전센터,(산하 안전센터 없음),,
가음정119안전센터,(산하 안전센터 없음),,
가조119안전센터,(산하 안전센터 없음),,
가좌119안전센터,(산하 안전센터 없음),,
가창119안전센터,(산하 안전센터 없음),,
가천119지역대,(산하 안전센터 없음),,
가평119안전센터,(산하 안전센터 없음),,
가평소방서,가평119안전센터,경기도 가평군 가평읍 가화로 36,
가평소방서,조종119안전센터,경기도 가평군 조종면 현창로 14,
가평수난구조대,(산하 안전센터 없음),,
가흥119안전센터,(산하 안전센터 없음),,
간동119지역대,(산하 안전센터 없음),,
간석119안전센터,(산하 안전센터 없음),,
간성119안전센터,(산하 안전센터 없음),,
갈마119안전센터,(산하 안전센터 없음),,
갈말119안전센터,(산하 안전센터 없음),,
갈매119안전센터,(산하 안전센터 없음),,
갈산119안전센터,(산하 안전센터 없음),,
갈산119안전센터,(산하 안전센터 없음),,
감만119안전센터,(산하 안전센터 없음),,
감일119안전센터,(산하 안전센터 없음),,
감전119안전센터,(산하 안전센터 없음),,
감천119안전센터,(산하 안전센터 없음),,
감포119안전센터,(산하 안전센터 없음),,
갑천119지역대,(산하 안전센터 없음),,
강경119안전센터,(산하 안전센터 없음),,
강구119안전센터,(산하 안전센터 없음),,
강남소방서,개포119안전센터,서울특별시 강남구 논현로 10길 19 (개포동),
강남소방서,고덕119안전센터,서울특별시 강동구 양재대로156길 133 (고덕동),
강남소방서,공단119안전센터,서울특별시 구로구 디지털로34길 56 (구로동),
강남소방서,금천119안전센터,서울특별시 금천구 시흥대로 342(독산동),
강남소방서,백운119안전센터,서울특별시 동작구 사당로 63 (상도동),
강남소방서,성산119안전센터,서울특별시 마포구 월드컵북로 240 (성산동),
강남소방서,세곡119안전센터,서울특별시 강남구 밤고개로 268 (율현동),
강남소방서,수서119안전센터,서울특별시 강남구 광평로31길 6 (수서동),
강남소방서,신림119안전센터,서울특별시 관악구 봉천로 202 (신림동),
강남소방서,신월119안전센터,서울특별시 양천구 남부순환로 448 (신월동),
강남소방서,신정119안전센터,서울특별시 양천구 신월로 268 (신정동),
강남소방서,역삼119안전센터,서울특별시 강남구 역삼로 236 (역삼동),
강남소방서,연희119안전센터,서울특별시 서대문구 연희로 182 (연희동),
강남소방서,장안119안전센터,서울특별시 동대문구 장한로 34 (장안동),
강남소방서,종로119안전센터,서울특별시 종로구 돈화문로 30 (묘동),
강동119안전센터,(산하 안전센터 없음),,
강동119안전센터,(산하 안전센터 없음),,
강동소방서,강일119안전센터,서울특별시 강동구 고덕로98길 22 (강일동),
강동소방서,길동119안전센터,서울특별시 강동구 천중로 215 (길동),
강동소방서,성내119안전센터,서울특별시 강동구 성내로 39 (성내동),
강동소방서,암사119안전센터,서울특별시 강동구 올림픽로 815 (암사동),
강동소방서,천호119안전센터,서울특별시 강동구 진황도로 37 (천호동),
강릉소방서,경포119안전센터,강원도 강릉시 해안로 502(안현동),
강릉소방서,내곡119안전센터,강원도 강릉시 범일로 660(내곡동),
강릉소방서,유천119안전센터,강원도 강릉시 선수촌로 64-28(홍제동),
강릉소방서,주문진119안전센터,강원도 강릉시 연곡면 연주로 226,
강릉소방서,포남119안전센터,강원도 강릉시 하평2길 23(포남동),
강림119지역대,(산하 안전센터 없음),,
강북소방서,무태119안전센터,대구광역시 북구 호국로43길 21(서변동),
강북소방서,미아119안전센터,서울특별시 강북구 도봉로 125 (미아동),
강북소방서,번동119안전센터,서울특별시 강북구 한천로 911 (번동),
강북소방서,삼각산119안전센터,서울특별시 강북구 솔샘로 208 (미아동),
강북소방서,우이119안전센터,서울특별시 강북구 삼각산로 111 (수유동),
강북소방서,읍내119안전센터,대구광역시 북구 칠곡중앙대로 570 (읍내동),
강북소방서,태전119안전센터,대구광역시 북구 칠곡중앙대로 184(태전동),
강북소방서,(산하 안전센터 없음),,
강상119안전센터,(산하 안전센터 없음),,
강서소방서,개화119안전센터,서울특별시 강서구 개화동로19길 8 (개화동),
강서소방서,녹산119안전센터,부산광역시 강서구 녹산산단361로 9(송정동),
강서소방서,다사119안전센터,대구광역시 달성군 다사읍 달구벌대로 920 (죽곡리),
강서소방서,대저119안전센터,부산광역시 강서구 대저로221번길 25(대저1동),
강서소방서,대천119안전센터,대구광역시 달서구 달서대로58길 129 (대천동),
강서소방서,등촌119안전센터,서울특별시 강서구 양천로 550 (등촌동),
강서소방서,마곡119안전센터,서울특별시 강서구 마곡서로 9 (마곡동),
강서소방서,발산119안전센터,서울특별시 강서구 강서로 329 (내발산동),
강서소방서,방화119안전센터,서울특별시 강서구 금낭화로26길 10 (방화동),
강서소방서,성서119안전센터,대구광역시 달서구 성서로 357 (이곡동),
강서소방서,신호119안전센터,부산광역시 강서구 신호산단4로 62(신호동),
강서소방서,지사119안전센터,부산광역시 강서구 과학산단로333번길 3(지사동),
강서소방서,화곡119안전센터,서울특별시 강서구 까치산로 49 (화곡동),
강서소방서,고산119안전센터,대구광역시 수성구 고산로 105 (신매동),
강서소방서,구암119안전센터,대구광역시 북구 구암로 155 (동천동),
강서소방서,구지119안전센터,대구광역시 달성군 구지면 달성2차로 111,
강서소방서,금호119안전센터,대구광역시 북구 한강로 105(금호동),
강서소방서,논공119안전센터,대구광역시 달성군 논공읍 논공중앙로33길 5,
강서소방서,대명119안전센터,대구광역시 남구 큰골길 53 (대명동),
강서소방서,대신119안전센터,대구광역시 중구 큰장로26길 45 (대신동),
강서소방서,복현119안전센터,대구광역시 북구 동북로 245 (복현동),
강서소방서,상동119안전센터,대구광역시 수성구 파동로51길 5 (파동),
강서소방서,옥포119안전센터,대구광역시 달성군 옥포읍 돌미로 93,
강서소방서,율하119안전센터,대구광역시 동구 율하동로8길 5 (율하동),
강서소방서,죽전119안전센터,대구광역시 달서구 와룡로 222,
강서소방서,현풍119안전센터,대구광역시 달성군 현풍읍 비슬로 480,
강서소방서,화원119안전센터,대구광역시 달성군 화원읍 화암로 122,
강서소방서,(산하 안전센터 없음),,
강원소방학교,(산하 안전센터 없음),,
강일119안전센터,(산하 안전센터 없음),,
강진119안전센터,(산하 안전센터 없음),,
강진119지역대,(산하 안전센터 없음),,
강진소방서,강진119안전센터,전라남도 강진군 군동면 중앙로 223,
강진소방서,성전119안전센터,전라남도 강진군 성전면 강진산단로1길 23,
강천119지역대,(산하 안전센터 없음),,
강촌119안전센터,(산하 안전센터 없음),,
강하119지역대,(산하 안전센터 없음),,
강현119안전센터,(산하 안전센터 없음),,
강화119안전센터,(산하 안전센터 없음),,
강화소방서,강화119안전센터,인천광역시 강화군 강화읍 남문로 23번길 11,
강화소방서,길상119안전센터,인천광역시 강화군 길상면 마니산로 93,
강화소방서,내가119안전센터,인천광역시 강화군 내가면 강화서로 235-1,
강화소방서,불은119안전센터,인천광역시 강화군 불은면 중앙로 505,
개군119지역대,(산하 안전센터 없음),,
개포119안전센터,(산하 안전센터 없음),,
개화119안전센터,(산하 안전센터 없음),,
거류119안전센터,(산하 안전센터 없음),,
거여119안전센터,(산하 안전센터 없음),,
거제119안전센터,(산하 안전센터 없음),,
거제소방서,거제119안전센터,경상남도 거제시 거제면 거제남서로 3429,
거제소방서,동부119안전센터,충청남도 서산시 학동3로 52,
거제소방서,동부119안전센터,경상남도 거제시 남부면 저구해안길 16,
거제소방서,사등119안전센터,경상남도 거제시 사등면 덕호해안길 63,
거제소방서,신현119안전센터,인천광역시 서구 가정로 333-1 (신현동),
거제소방서,신현119안전센터,경상남도 거제시 계룡로 52,
거제소방서,연초119안전센터,경상남도 거제시 연초면 거제북로1,
거제소방서,옥포119안전센터,대구광역시 달성군 옥포읍 돌미로 93 (교항리),
거제소방서,옥포119안전센터,경상남도 거제시 진목로 1,
거제소방서,장승포119안전센터,경상남도 거제시 능포로 77,
거진119안전센터,(산하 안전센터 없음),,
거창소방서,가조119안전센터,경상남도 거창군 가조면 마상3길 32,
거창소방서,대평119안전센터,경상남도 거창군 거창읍 거함대로 3324,
거창소방서,위천119안전센터,경상남도 거창군 위천면 원학길 321,
건국119안전센터,(산하 안전센터 없음),,
건천119안전센터,(산하 안전센터 없음),,
검단119안전센터,(산하 안전센터 없음),,
검단소방서,갈산119안전센터,인천광역시 부평구 부평대로 324 (갈산동),
검단소방서,검단119안전센터,인천광역시 서구 완정로 191,
검단소방서,마전119안전센터,인천광역시 서구 원당대로 736,
검단소방서,삼산119안전센터,인천광역시 부평구 충선로 252 (삼산동),
검단소방서,소방정대,인천광역시 중구 연안부두로 128번길 16,
검단소방서,송현119안전센터,인천광역시 동구 방축로 39 (송현동),
검단소방서,오류119안전센터,인천광역시 서구 대촌로 6 (오류동),
검단소방서,원당119안전센터,인천광역시 서구 원당대로 881,
검단소방서,중앙119안전센터,인천광역시 서구 대촌로 6,
검단소방서,중앙119안전센터,인천광역시 중구 인중로 204 (항동6가),
검산119안전센터,(산하 안전센터 없음),,
검암119안전센터,(산하 안전센터 없음),,
격포119안전센터,(산하 안전센터 없음),,
경기도특수대응단,(산하 안전센터 없음),,
경기소방학교,(산하 안전센터 없음),,
경동119안전센터,(산하 안전센터 없음),,
경북소방학교,(산하 안전센터 없음),,
경산소방서,압량119안전센터,경상북도 경산시 압량읍 김유신로 12,
경산소방서,자인119안전센터,경상북도 경산시 자인면 금학로 25-11,
경산소방서,중산119안전센터,경기도 고양시 일산동구 중산로 218,
경산소방서,중산119안전센터,경상북도 경산시 펜타힐즈4로 1,
경산소방서,중앙119안전센터,경상북도 경산시 장산로 143,
경산소방서,진량119안전센터,경상북도 경산시 진량읍 공단2로 72,
경산소방서,하양119안전센터,경상북도 경산시 하양읍 대경로 793,
경암119안전센터,(산하 안전센터 없음),,
경주소방서,감포119안전센터,경상북도 경주시 감포읍 동해안로 2153,
경주소방서,건천119안전센터,경상북도 경주시 건천읍 내서로 1065,
경주소방서,동부119안전센터,경상북도 경주시 중앙로 59,
경주소방서,보문119안전센터,경상북도 경주시 경감로 587-8,
경주소방서,불국사119안전센터,경상북도 경주시 불국신택지4길 4,
경주소방서,안강119안전센터,경상북도 경주시 안강읍 안강중앙로 146,
경주소방서,용황119안전센터,경상북도 경주시 공단로 25,
경주소방서,황오119안전센터,경상북도 경주시 알천남로 276,
경포119안전센터,(산하 안전센터 없음),,
경현119안전센터,(산하 안전센터 없음),,
계곡119지역대,(산하 안전센터 없음),,
계룡119안전센터,(산하 안전센터 없음),,
계룡소방서,두마119안전센터,충청남도 계룡시 두마면 사계로 170,
계룡소방서,엄사119안전센터,충청남도 계룡시 엄사면 문화로32,
계산119안전센터,(산하 안전센터 없음),,
계양소방서,계산119안전센터,인천광역시 계양구 주부토로 557 (계산동),
계양소방서,작전119안전센터,인천광역시 계양구 장제로 774 (계산동),
계양소방서,장기119안전센터,인천광역시 계양구 장기서로 14 (장기동),
계양소방서,효성119안전센터,인천광역시 계양구 효서로 96-1 (효성동),
계화119지역대,(산하 안전센터 없음),,
고군119지역대,(산하 안전센터 없음),,
고군산119지역대,(산하 안전센터 없음),,
고금119안전센터,(산하 안전센터 없음),,
고남119지역대,(산하 안전센터 없음),,
고덕119안전센터,(산하 안전센터 없음),,
고덕119안전센터,(산하 안전센터 없음),,
고등119안전센터,(산하 안전센터 없음),,
고령소방서,다산119안전센터,경기도 남양주시 다산중앙로146번길 76,
고령소방서,다산119안전센터,경상북도 고령군 다산면 다산로 506,
고봉119안전센터,(산하 안전센터 없음),,
고산119안전센터,(산하 안전센터 없음),,
고산119안전센터,(산하 안전센터 없음),,
고색119안전센터,(산하 안전센터 없음),,
고서119안전센터,(산하 안전센터 없음),,
고성119안전센터,(산하 안전센터 없음),,
고성소방서,간성119안전센터,강원도 고성군 간성읍 수성로 37-11,
고성소방서,거류119안전센터,경상남도 고성군 거류면 봉암 1길 9,
고성소방서,거진119안전센터,강원도 고성군 거진읍 수외길 19,
고성소방서,고성119안전센터,경상남도 고성군 고성읍 남해안대로 2670,
고성소방서,동광119안전센터,강원도 고성군 토성면 동해대로 5320,
고성소방서,회화119안전센터,경상남도 고성군 회화면 영회로 2211,
고성소방서,(산하 안전센터 없음),,
고아119안전센터,(산하 안전센터 없음),,
고양119지역대,(산하 안전센터 없음),,
고양소방서,능곡119안전센터,경기도 고양시 덕양구 토당로 48,
고양소방서,대화119안전센터,경기도 고양시 일산서구 중앙로 1630,
고양소방서,삼송119안전센터,경기도 고양시 덕양구 오금로 14,
고양소방서,원당119안전센터,경기도 고양시 덕양구 고양대로 1342,
고양소방서,장항119안전센터,경기도 고양시 일산동구 중앙로 1325,
고양소방서,행신119안전센터,경기도 고양시 덕양구 소원로 181번길 52,
고양소방서,화전119안전센터,경기도 고양시 덕양구 중앙로 78,
고읍119안전센터,(산하 안전센터 없음),,
고일119안전센터,(산하 안전센터 없음),,
고잔119안전센터,(산하 안전센터 없음),,
고잔119안전센터,(산하 안전센터 없음),,
고창119안전센터,(산하 안전센터 없음),,
고창소방서,고창119안전센터,전라북도 고창군 고창읍 녹두로 1294,
고창소방서,대산119안전센터,전라북도 고창군 대산면 공음대산로 932,
고창소방서,무장119안전센터,전라북도 고창군 무장면 무장남북로 20-5,
고창소방서,흥덕119안전센터,전라북도 고창군 흥덕면 문화2길 21,
고척119안전센터,(산하 안전센터 없음),,
고천119안전센터,(산하 안전센터 없음),,
고촌119안전센터,(산하 안전센터 없음),,
고한119안전센터,(산하 안전센터 없음),,
고흥119안전센터,(산하 안전센터 없음),,
고흥소방서,고흥119안전센터,전라남도 고흥군 풍양면 고흥로 1330,
고흥소방서,과역119안전센터,전라남도 고흥군 과역면 과역로 974,
고흥소방서,나로119안전센터,전라남도 고흥군 봉래면 나로도항길 13,
고흥소방서,도양119안전센터,전라남도 고흥군 도양읍 녹동신항5길 4,
곡성119안전센터,(산하 안전센터 없음),,
곡성소방서,곡성119안전센터,전라남도 곡성군 곡성읍 학교로 7,
곡성소방서,옥과119안전센터,전라남도 곡성군 옥과면 리문6길 29,
곤양119안전센터,(산하 안전센터 없음),,
곤지암119안전센터,(산하 안전센터 없음),,
공근119안전센터,(산하 안전센터 없음),,
공단119안전센터,(산하 안전센터 없음),,
공단119안전센터,(산하 안전센터 없음),,
공단119안전센터,(산하 안전센터 없음),,
공단119안전센터,(산하 안전센터 없음),,
공단소방서,논현119안전센터,인천광역시 남동구 소래역로 109 (논현동),
공단소방서,도림119안전센터,인천광역시 남동구 비류대로 667 (남촌동),
공단소방서,동춘119안전센터,인천광역시 연수구 앵고개로 241 (동춘동),
공단소방서,소래119안전센터,인천광역시 남동구 에코중앙로 86 (논현동),
공단소방서,옥련119안전센터,인천광역시 연수구 청량로 155번길 7 (옥련동),
공덕119안전센터,(산하 안전센터 없음),,
공도119안전센터,(산하 안전센터 없음),,
공릉119안전센터,(산하 안전센터 없음),,
공산119안전센터,(산하 안전센터 없음),,
공산119지역대,(산하 안전센터 없음),,
공주소방서,계룡119안전센터,충청남도 공주시 계룡면 월암송정길 18,
공주소방서,동학사119안전센터,충청남도 공주시 반포면 동학사1로 110,
공주소방서,신관119안전센터,충청남도 공주시 의당로 31,
공주소방서,웅진119안전센터,충청남도 공주시 무령로 55,
공주소방서,유구119안전센터,충청남도 공주시 유구읍 유구외곽로 368,
공주소방서,정안119안전센터,충청남도 공주시 정안면 광정장터길 18,
공항119안전센터,(산하 안전센터 없음),,
공흥119안전센터,(산하 안전센터 없음),,
과역119안전센터,(산하 안전센터 없음),,
과천119안전센터,(산하 안전센터 없음),,
과천소방서,과천119안전센터,경기도 과천시 궁말로30,
과천소방서,중앙119안전센터,경기도 과천시 통영로 12,
관고119안전센터,(산하 안전센터 없음),,
관교119안전센터,(산하 안전센터 없음),,
관산119지역대,(산하 안전센터 없음),,
관악119안전센터,(산하 안전센터 없음),,
관악산산악구조대,(산하 안전센터 없음),,
관악소방서,관악119안전센터,서울특별시 관악구 관악로 97 (봉천동),
관악소방서,난곡119안전센터,서울특별시 관악구 난곡로 243 (신림동),
관악소방서,봉천119안전센터,서울특별시 관악구 은천로 54 (봉천동),
관양119안전센터,(산하 안전센터 없음),,
관인119지역대,(산하 안전센터 없음),,
관촌119지역대,(산하 안전센터 없음),,
광나루수난구조대,(산하 안전센터 없음),,
광남119안전센터,(산하 안전센터 없음),,
광남119안전센터,(산하 안전센터 없음),,
광명119안전센터,(산하 안전센터 없음),,
광명소방서,광남119안전센터,경기도 광명시 목감로 34,
광명소방서,광명119안전센터,경기도 광명시 목감로 306,
광명소방서,소하119안전센터,경기도 광명시 금하로 472,
광명소방서,하안119안전센터,경기도 광명시 범안로 1025,
광산소방서,금호119안전센터,광주광역시 서구 운천로 112 (쌍촌동),
광산소방서,비아119안전센터,광주광역시 광산구 비아로12번길 10 (비아동),
광산소방서,빛그린119안전센터,광주광역시 광산구 삼도로 65 (삼거동),
광산소방서,송정119안전센터,광주광역시 광산구 상무대로 93-1 (도산동),
광산소방서,신가119안전센터,광주광역시 광산구 수등로 236 (신가동),
광산소방서,우산119안전센터,광주광역시 북구 동문대로 127 (우산동),
광산소방서,월곡119안전센터,광주광역시 광산구 우산로 85번길12-5(우산동),
광산소방서,첨단119안전센터,광주광역시 광산구 임방울대로825번길 16 (쌍암동),
광산소방서,평동119안전센터,광주광역시 광산구 월전로 59 (월전동),
광산소방서,화정119안전센터,광주광역시 서구 화운로 197 (화정동),
광안119안전센터,(산하 안전센터 없음),,
광암119지역대,(산하 안전센터 없음),,
광양119안전센터,(산하 안전센터 없음),,
광양소방서,광양119안전센터,전라남도 광양시 광양읍 서천변로 175,
광양소방서,광영119안전센터,전라남도 광양시 금영로 87,
광양소방서,금호119안전센터,전라남도 광양시 희망길 12-12,
광양소방서,중마119안전센터,전라남도 광양시 중마중앙로 109,
광영119안전센터,(산하 안전센터 없음),,
광적119안전센터,(산하 안전센터 없음),,
광주소방서,곤지암119안전센터,경기도 광주시 곤지암읍 광여로 160,
광주소방서,광남119안전센터,경기도 광주시 고불로 277,
광주소방서,능평119안전센터,경기도 광주시 대명대길 30 (능평동),
광주소방서,송정119안전센터,경기도 광주시 수하길 36,
광주소방서,오포119안전센터,경기도 광주시 오포로 910-5,
광주소방서,초월119안전센터,경기도 광주시 초월읍 무들로 112,
광주소방학교,(산하 안전센터 없음),,
광진소방서,구의119안전센터,서울특별시 광진구 광나루로 480 (구의동),
광진소방서,능동119안전센터,서울특별시 광진구 능동로 242 (능동),
광진소방서,중곡119안전센터,서울특별시 광진구 용마산로 150 (중곡동),
광천119안전센터,(산하 안전센터 없음),,
광탄119안전센터,(산하 안전센터 없음),,
광혜원119안전센터,(산하 안전센터 없음),,
괴산119안전센터,(산하 안전센터 없음),,
괴산소방서,괴산119안전센터,충청북도 괴산군 괴산읍 괴강로 69,
괴산소방서,청천119안전센터,충청북도 괴산군 청천면 선평길 78-9,
괴안119안전센터,(산하 안전센터 없음),,
괴정119안전센터,(산하 안전센터 없음),,
교동119안전센터,(산하 안전센터 없음),,
교동119안전센터,(산하 안전센터 없음),,
교동119안전센터,(산하 안전센터 없음),,
교동119지역대,(산하 안전센터 없음),,
교동119지역대,(산하 안전센터 없음),,
교문119안전센터,(산하 안전센터 없음),,
교하119안전센터,(산하 안전센터 없음),,
구갈119안전센터,(산하 안전센터 없음),,
구례119안전센터,(산하 안전센터 없음),,
구례소방서,구례119안전센터,전라남도 구례군 구례읍 양정4길 37,
구로119안전센터,(산하 안전센터 없음),,
구로소방서,고일119안전센터,서울특별시 구로구 경인로 408 (고척동),
구로소방서,고척119안전센터,서울특별시 구로구 고척로 195 (고척동),
구로소방서,구로119안전센터,서울특별시 구로구 구로동로 175 (구로동),
구로소방서,수궁119안전센터,서울특별시 구로구 오리로 1285 (궁동),
구로소방서,신도림119안전센터,서울특별시 구로구 경인로59길 57 (신도림동),
구룡119안전센터,(산하 안전센터 없음),,
구룡포119안전센터,(산하 안전센터 없음),,
구리소방서,갈매119안전센터,경기도 구리시 산마루로68,
구리소방서,교문119안전센터,경기도 구리시 아차산로487번길 46,
구리소방서,인창119안전센터,경기도 구리시 건원대로34번길 28,
구림119지역대,(산하 안전센터 없음),,
구미119안전센터,(산하 안전센터 없음),,
구미소방서,고아119안전센터,경상북도 구미시 고아읍 선산대로 821,
구미소방서,공단119안전센터,전라북도 익산시 선화로 429,
구미소방서,공단119안전센터,경상북도 구미시 수출대로 112,
구미소방서,상림119안전센터,경상북도 구미시 상림로 45,
구미소방서,선산119안전센터,경상북도 구미시 선산읍 선산대로 1400-13,
구미소방서,송정119안전센터,경기도 군포시 송부로74번길 4 (도마교동),
구미소방서,송정119안전센터,경상북도 구미시 백산로 207,
구미소방서,옥계119안전센터,강원도 강릉시 옥계면 현내시장길 163,
구미소방서,옥계119안전센터,경상북도 구미시 산동읍 산호대로41길 4,
구미소방서,원평119안전센터,경상북도 구미시 산업로 174,
구미소방서,인동119안전센터,경상북도 구미시 이계북로 147,
구미소방서,해평119안전센터,경상북도 구미시 해평면 강동로 1663,
구병산119안전센터,(산하 안전센터 없음),,
구산119안전센터,(산하 안전센터 없음),,
구성119안전센터,(산하 안전센터 없음),,
구암119안전센터,(산하 안전센터 없음),,
구암119안전센터,(산하 안전센터 없음),,
구암119안전센터,(산하 안전센터 없음),,
구월119안전센터,(산하 안전센터 없음),,
구의119안전센터,(산하 안전센터 없음),,
구좌119안전센터,(산하 안전센터 없음),,
구지119안전센터,(산하 안전센터 없음),,
구지119안전센터,(산하 안전센터 없음),,
구천동119안전센터,(산하 안전센터 없음),,
구포119안전센터,(산하 안전센터 없음),,
국제119안전센터,(산하 안전센터 없음),,
국토정중앙119지역대,(산하 안전센터 없음),,
군남119지역대,(산하 안전센터 없음),,
군내119안전센터,(산하 안전센터 없음),,
군내119지역대,(산하 안전센터 없음),,
군내119지역대,(산하 안전센터 없음),,
군내119지역대,(산하 안전센터 없음),,
군북119안전센터,(산하 안전센터 없음),,
군산소방서,경암119안전센터,전라북도 군산시 구암3.1로 147,
군산소방서,금동119안전센터,전라북도 군산시 군산창길 1,
군산소방서,대야119안전센터,전라북도 군산시 대야면 대야관통로 5,
군산소방서,비응119안전센터,전라북도 군산시 새만금북로 43,
군산소방서,사정119안전센터,전라북도 군산시 번영로 308,
군산소방서,산북119안전센터,전라북도 군산시 산북로 71-11,
군산소방서,지곡119안전센터,전라북도 군산시 백토로 223,
군서119지역대,(산하 안전센터 없음),,
군서119지역대,(산하 안전센터 없음),,
군위119안전센터,(산하 안전센터 없음),,
군자119안전센터,(산하 안전센터 없음),,
군포소방서,산본119안전센터,경기도 군포시 산본로432번길 1,
군포소방서,오금119안전센터,경기도 군포시 고산로 429,
궁동119안전센터,(산하 안전센터 없음),,
귀래119지역대,(산하 안전센터 없음),,
귀인119안전센터,(산하 안전센터 없음),,
근덕119안전센터,(산하 안전센터 없음),,
근흥119안전센터,(산하 안전센터 없음),,
금곡119안전센터,(산하 안전센터 없음),,
금구119지역대,(산하 안전센터 없음),,
금남119지역대,(산하 안전센터 없음),,
금당119지역대,(산하 안전센터 없음),,
금동119안전센터,(산하 안전센터 없음),,
금마119안전센터,(산하 안전센터 없음),,
금사119지역대,(산하 안전센터 없음),,
금산119안전센터,(산하 안전센터 없음),,
금산119안전센터,(산하 안전센터 없음),,
금산119안전센터,(산하 안전센터 없음),,
금산119안전센터,(산하 안전센터 없음),,
금산119지역대,(산하 안전센터 없음),,
금산소방서,복진119안전센터,충청남도 금산군 진산면 읍내로 47-1,
금산소방서,추부119안전센터,충청남도 금산군 추부면 삼육로 47,
금성119안전센터,(산하 안전센터 없음),,
금성119지역대,(산하 안전센터 없음),,
금암119안전센터,(산하 안전센터 없음),,
금오119안전센터,(산하 안전센터 없음),,
금오119안전센터,(산하 안전센터 없음),,
금일119지역대,(산하 안전센터 없음),,
금정119지역대,(산하 안전센터 없음),,
금정소방서,서동119안전센터,부산광역시 동래구 반송로 331(명장동),
금정소방서,회동119안전센터,부산광역시 금정구 개좌로 286(회동동),
금지119안전센터,(산하 안전센터 없음),,
금천119안전센터,(산하 안전센터 없음),,
금천119안전센터,(산하 안전센터 없음),,
금천119안전센터,(산하 안전센터 없음),,
금천소방서,(산하 안전센터 없음),,
금촌119안전센터,(산하 안전센터 없음),,
금호119안전센터,(산하 안전센터 없음),,
금호119안전센터,(산하 안전센터 없음),,
금호119안전센터,(산하 안전센터 없음),,
금호119안전센터,(산하 안전센터 없음),,
금호119안전센터,(산하 안전센터 없음),,
기계119안전센터,(산하 안전센터 없음),,
기린119안전센터,(산하 안전센터 없음),,
기성119안전센터,(산하 안전센터 없음),,
기성119지역대,(산하 안전센터 없음),,
기업119안전센터,(산하 안전센터 없음),,
기장소방서,일광119안전센터,부산광역시 기장군 일광읍 해빛5로 15,
기장소방서,정관119안전센터,부산광역시 기장군 정관읍 용수로 7(정관읍),
기지시119안전센터,(산하 안전센터 없음),,
기흥119안전센터,(산하 안전센터 없음),,
길동119안전센터,(산하 안전센터 없음),,
길상119안전센터,(산하 안전센터 없음),,
길안119지역대,(산하 안전센터 없음),,
길음119안전센터,(산하 안전센터 없음),,
길천119지역대,(산하 안전센터 없음),,
김녕119지역대,(산하 안전센터 없음),,
김삿갓119지역대,(산하 안전센터 없음),,
김제소방서,검산119안전센터,전라북도 김제시 두월로 384,
김제소방서,교동119안전센터,전라북도 김제시 벽성로 278,
김제소방서,금산119안전센터,전라북도 김제시 금산면 금산사로 29,
김제소방서,만경119안전센터,전라북도 김제시 만경읍 두릉길 49,
김천소방서,다수119안전센터,경상북도 김천시 영남대로 1246,
김천소방서,대광119안전센터,경상북도 김천시 공단로 152-36,
김천소방서,아포119안전센터,경상북도 김천시 아포읍 아포공단길 45,
김천소방서,양금119안전센터,경상북도 김천시 강변로 219,
김천소방서,지례119안전센터,경상북도 김천시 지례면 장터길 115,
김포소방서,고촌119안전센터,경기도 김포시 고촌읍 은행영사정로 31,
김포소방서,대곶119안전센터,경기도 김포시 대곶면 수남로 104,
김포소방서,마산119안전센터,경기도 김포시 김포한강8로 196,
김포소방서,양촌119안전센터,경기도 김포시 양곡1로 85,
김포소방서,중앙119안전센터,경기도 김포시 감암로 111,
김포소방서,통진119안전센터,경기도 김포시 통진읍 김포대로 2250,
김포소방서,하성119안전센터,경기도 김포시 하성면 하성로 404,
김포수난구조대,(산하 안전센터 없음),,
김해동부소방서,가양119안전센터,대전광역시 동구 계족로 300,
김해동부소방서,공산119안전센터,대구광역시 동구 팔공산로 1579 (백안동),
김해동부소방서,구좌119안전센터,제주특별자치도 제주시 구좌읍 세화14길 8,
김해동부소방서,남원119안전센터,제주특별자치도 서귀포시 남원읍 남원체육관로221번길 23,
김해동부소방서,내외119안전센터,경상남도 김해시 내외로 77,
김해동부소방서,대동119안전센터,경상남도 김해시 대동면 동남로41번길 19,
김해동부소방서,대인119안전센터,광주광역시 동구 제봉로210 (대인동),
김해동부소방서,동상119안전센터,경상남도 김해시 구지로 179,
김해동부소방서,동촌119안전센터,대구광역시 동구 해동로 180 (검사동),
김해동부소방서,부사119안전센터,대전광역시 중구 대종로 373,
김해동부소방서,불로119안전센터,대구광역시 동구 팔공로50길 19 (봉무동),
김해동부소방서,산내119안전센터,대전광역시 동구 산내로 1208 (구도동),
김해동부소방서,삼정119안전센터,경상남도 김해시 김해대로 2507,
김해동부소방서,상동119안전센터,경상남도 김해시 상동면 상동로 637,
김해동부소방서,생림119안전센터,경상남도 김해시 생림면 봉림로 106,
김해동부소방서,성산119안전센터,제주특별자치도 서귀포시 성산읍 일주동로 4120번길 7,
김해동부소방서,신천119안전센터,대구광역시 동구 동대구로 507 (신천동),
김해동부소방서,안심119안전센터,대구광역시 동구 반야월로 291 (각산동),
김해동부소방서,용산119안전센터,광주광역시 동구 남문로 535 (용산동),
김해동부소방서,용운119안전센터,대전광역시 동구 용운로 151번길 88,
김해동부소방서,전하119안전센터,울산광역시 동구  진성4가길 8 (전하동),
김해동부소방서,조천119안전센터,제주특별자치도 제주시 조천읍 신북로 337,
김해동부소방서,지산119안전센터,광주광역시 동구 밤실로30번길 16 (지산동),
김해동부소방서,표선119안전센터,제주특별자치도 서귀포시 표선면 표선관정로 39-16,
김해동부소방서,화암119안전센터,울산광역시 동구 꽃바위2가길 9 (방어동),
김해동부소방서,화정119안전센터,울산광역시 동구 방어진순환도로 601 (화정동),
김해서부소방서,가수원119안전센터,대전광역시 서구 용소로 46,
김해서부소방서,가좌119안전센터,인천광역시 서구 서구 백범로 678번길 17 (가좌동),
김해서부소방서,검암119안전센터,인천광역시 서구 승학로 474 (검암동),
김해서부소방서,기성119안전센터,대전광역시 서구 금평2길 57,
김해서부소방서,내당119안전센터,대구광역시 서구 서대구로3길 16 (내당4동),
김해서부소방서,대정119안전센터,제주특별자치도 서귀포시 대정읍 일주서로 2717,
김해서부소방서,복수119안전센터,대전광역시 서구 복수서로 67,
김해서부소방서,비산119안전센터,대구광역시 서구 국채보상로 400 (비산동),
김해서부소방서,산성119안전센터,부산광역시 금정구 산성로 396(금성동),
김해서부소방서,상무119안전센터,광주광역시 서구 치평로 65 (치평동),
김해서부소방서,석남119안전센터,인천광역시 서구 석남로 102 (석남동),
김해서부소방서,안덕119안전센터,제주특별자치도 서귀포시 안덕면 화순서서로 2,
김해서부소방서,애월119안전센터,제주특별자치도 제주시 애월읍 일주서로 6513,
김해서부소방서,연희119안전센터,인천광역시 서구 서곶로 292 (심곡동),
김해서부소방서,염주119안전센터,광주광역시 서구 염화로 77 (화정동),
김해서부소방서,영어교육도시119안전센터,제주특별자치도 서귀포시 대정읍 에듀시티로 238,
김해서부소방서,원내119안전센터,대전광역시 유성구 계백로 801번길 17,
김해서부소방서,원창119안전센터,인천광역시 서구 북항로32번길 47-5,
김해서부소방서,율하119안전센터,경상남도 김해시 율하4로 112,
김해서부소방서,이현119안전센터,대구광역시 서구 국채보상로 119 (이현동),
김해서부소방서,장유119안전센터,경상남도 김해시 번화2로 12,
김해서부소방서,주촌119안전센터,경상남도 김해시 주촌면 주선로 29,
김해서부소방서,진례119안전센터,경상남도 김해시 진례면 서부로 730,
김해서부소방서,진영119안전센터,경상남도 김해시 진영읍 장등로 4,
김해서부소방서,청라119안전센터,인천광역시 서구 청라한내로 77 (경서동),
김해서부소방서,평리119안전센터,대구광역시 서구 달서천로 186 (평리동),
김해서부소방서,풍암119안전센터,광주광역시 서구 회재로 907(금호동),
김해서부소방서,한경119안전센터,제주특별자치도 제주시 한경면 일주서로 4218,
김해서부소방서,한림119안전센터,경상남도 김해시 한림면 한림로 401번길 50,
김화119안전센터,(산하 안전센터 없음),,
나로119안전센터,(산하 안전센터 없음),,
나산119안전센터,(산하 안전센터 없음),,
나주소방서,경현119안전센터,전라남도 나주시 예향로 4201,
나주소방서,남평119안전센터,전라남도 나주시 남평읍 지석로 106,
나주소방서,빛가람119안전센터,전라남도 나주시 그린로 296,
나주소방서,이창119안전센터,전라남도 나주시 이창택지길 6-13,
낙동119지역대,(산하 안전센터 없음),,
낙안119지역대,(산하 안전센터 없음),,
난곡119안전센터,(산하 안전센터 없음),,
남구119구조대,(산하 안전센터 없음),,
남동소방서,간석119안전센터,인천광역시 남동구 경인로 621 (간석동),
남동소방서,구월119안전센터,인천광역시 남동구 인주대로 714 (구월동),
남동소방서,담방119안전센터,인천광역시 남동구 매소홀로 1044 (만수동),
남동소방서,만수119안전센터,인천광역시 남동구 백범로 207 (만수동),
남동소방서,서창119안전센터,인천광역시 남동구 서창방산로 61 (서창동),
남면119안전센터,(산하 안전센터 없음),,
남면119지역대,(산하 안전센터 없음),,
남면119지역대,(산하 안전센터 없음),,
남면119지역대,(산하 안전센터 없음),,
남면119지역대,(산하 안전센터 없음),,
남면119지역대,(산하 안전센터 없음),,
남면119지역대,(산하 안전센터 없음),,
남부119안전센터,(산하 안전센터 없음),,
남부119안전센터,(산하 안전센터 없음),,
남부소방서,(산하 안전센터 없음),,
남부소방서,(산하 안전센터 없음),,
남부소방서,감만119안전센터,부산광역시 남구 우암로 81(감만동),
남부소방서,광안119안전센터,부산광역시 수영구 광일로 64(광안동),
남부소방서,대연119안전센터,부산광역시 남구 수영로 279(대연동),
남부소방서,대촌119안전센터,광주광역시 남구 회재로 251(지석동),
남부소방서,망미119안전센터,부산광역시 수영구 연수로 330(망미동),
남부소방서,무거119안전센터,울산광역시 남구 문수로 89 (무거동),
남부소방서,봉선119안전센터,광주광역시 남구 오방로 63 (방림동),
남부소방서,삼산119안전센터,울산광역시 남구 삼산중로 149 (삼산동),
남부소방서,송하119안전센터,광주광역시 남구 송암로58번길 13 (송암동),
남부소방서,신정119안전센터,울산광역시 남구 신정로 87번길2 (달동),
남부소방서,여천119안전센터,울산광역시 남구 여천로 81-33 (야음동),
남부소방서,용당119안전센터,부산광역시 남구 신선로 398(용당동),
남부소방서,월산119안전센터,광주광역시 남구 수박등로 1 (월산동),
남부소방서,장생포119안전센터,울산광역시 남구 매암로 18 (매암동),
남사119안전센터,(산하 안전센터 없음),,
남산119안전센터,(산하 안전센터 없음),,
남산119안전센터,(산하 안전센터 없음),,
남성119안전센터,(산하 안전센터 없음),,
남악119안전센터,(산하 안전센터 없음),,
남양119안전센터,(산하 안전센터 없음),,
남양주소방서,가운119안전센터,경기도 남양주시 가운로 16 (다산동),
남양주소방서,별내119안전센터,경기도 남양주시 별내면 송산로 793-41,
남양주소방서,오남119안전센터,경기도 남양주시 오남읍 진건오남로 772,
남양주소방서,와부119안전센터,경기도 남양주시 와부읍 덕소로97번길 34-2,
남양주소방서,진건119안전센터,경기도 남양주시 진건읍 진건오남로 112-21,
남양주소방서,진접119안전센터,경기도 남양주시 진접읍 금강로 1509-25,
남양주소방서,평내119안전센터,경기도 남양주시 평내동 평내로 25,
남양주소방서,화도119안전센터,경기도 남양주시 화도읍 수레로1260번길 25,
남원119안전센터,(산하 안전센터 없음),,
남원소방서,금지119안전센터,전라북도 남원시 금지면 요천로 430,
남원소방서,식정119안전센터,전라북도 남원시 요천로 1965,
남원소방서,인월119안전센터,전라북도 남원시 인월면 황산로 1828,
남이119안전센터,(산하 안전센터 없음),,
남이119지역대,(산하 안전센터 없음),,
남지119안전센터,(산하 안전센터 없음),,
남평119안전센터,(산하 안전센터 없음),,
남한산성119지역대,(산하 안전센터 없음),,
남해119안전센터,(산하 안전센터 없음),,
남해소방서,남해119안전센터,경상남도 남해군 남해읍 스포츠로 81,
남해소방서,미조119안전센터,경상남도 남해군 미조면 미송로 486번길 19,
남해소방서,삼동119안전센터,경상남도 남해군 삼동면 동부대로 1795,
내가119안전센터,(산하 안전센터 없음),,
내곡119안전센터,(산하 안전센터 없음),,
내당119안전센터,(산하 안전센터 없음),,
내동119안전센터,(산하 안전센터 없음),,
내면119지역대,(산하 안전센터 없음),,
내서119안전센터,(산하 안전센터 없음),,
내수119안전센터,(산하 안전센터 없음),,
내외119안전센터,(산하 안전센터 없음),,
내촌119안전센터,(산하 안전센터 없음),,
내촌119지역대,(산하 안전센터 없음),,
내포119안전센터,(산하 안전센터 없음),,
노곡119지역대,(산하 안전센터 없음),,
노량진119안전센터,(산하 안전센터 없음),,
노송119안전센터,(산하 안전센터 없음),,
노안119지역대,(산하 안전센터 없음),,
노원119안전센터,(산하 안전센터 없음),,
노원소방서,공릉119안전센터,서울특별시 노원구 화랑로 482 (공릉동),
노원소방서,상계119안전센터,서울특별시 노원구 노원로26길 111 (상계동),
노원소방서,수락119안전센터,서울특별시 노원구 동일로 1694 (상계동),
노원소방서,월계119안전센터,서울특별시 노원구 월계로 323 (월계동),
노원소방서,하계119안전센터,서울특별시 노원구 한글비석로 1길 8 (하계동),
노은119안전센터,(산하 안전센터 없음),,
노은119지역대,(산하 안전센터 없음),,
노학119안전센터,(산하 안전센터 없음),,
노형119안전센터,(산하 안전센터 없음),,
노화119지역대,(산하 안전센터 없음),,
녹번119안전센터,(산하 안전센터 없음),,
녹산119안전센터,(산하 안전센터 없음),,
녹양119안전센터,(산하 안전센터 없음),,
논공119안전센터,(산하 안전센터 없음),,
논공119안전센터,(산하 안전센터 없음),,
논산소방서,강경119안전센터,충청남도 논산시 강경읍 동안로 3,
논산소방서,내동119안전센터,충청남도 논산시 대학로 17,
논산소방서,반월119안전센터,충청남도 논산시 해월로 155,
논산소방서,연무119안전센터,충청남도 논산시 연무읍 동안로 1137,
논산소방서,연산119안전센터,충청남도 논산시 연산면 관창로 54,
논현119안전센터,(산하 안전센터 없음),,
농소119안전센터,(산하 안전센터 없음),,
능곡119안전센터,(산하 안전센터 없음),,
능동119안전센터,(산하 안전센터 없음),,
능주119안전센터,(산하 안전센터 없음),,
능평119안전센터,(산하 안전센터 없음),,
다대119안전센터,(산하 안전센터 없음),,
다사119안전센터,(산하 안전센터 없음),,
다산119안전센터,(산하 안전센터 없음),,
다산119안전센터,(산하 안전센터 없음),,
다수119안전센터,(산하 안전센터 없음),,
다압119지역대,(산하 안전센터 없음),,
다인119지역대,(산하 안전센터 없음),,
단구119안전센터,(산하 안전센터 없음),,
단대119안전센터,(산하 안전센터 없음),,
단성119안전센터,(산하 안전센터 없음),,
단양119안전센터,(산하 안전센터 없음),,
단양소방서,단양119안전센터,충청북도 단양군 단양읍 삼봉로 421-56 (별곡리),
단양소방서,매포119안전센터,충청북도 단양군 매포읍 평동4로 79,
달서소방서,도원119안전센터,대구광역시 달서구 도원로 8 (도원동),
달서소방서,본리119안전센터,대구광역시 대명천로 134 (본리동),
달서소방서,월성119안전센터,대구광역시 달서구 학산로 75 (월성동),
달서소방서,죽전119안전센터,대구광역시 달서구 와룡로 222 (죽전동),
달성소방서,구지119안전센터,대구광역시 달성군 구지면 달성2차로 111 (내리),
달성소방서,논공119안전센터,대구광역시 달성군 논공읍 논공중앙로33길 5 (북리),
달성소방서,현풍119안전센터,대구광역시 달성군 현풍읍 비슬로 480 (원교리),
달성소방서,화원119안전센터,대구광역시 달성군 화원읍 화암로 122 (명곡리),
담방119안전센터,(산하 안전센터 없음),,
담양119안전센터,(산하 안전센터 없음),,
담양소방서,고서119안전센터,전라남도 담양군 고서면 창평현로 398,
담양소방서,담양119안전센터,전라남도 담양군 담양읍 추성로 1232,
당감119안전센터,(산하 안전센터 없음),,
당산119안전센터,(산하 안전센터 없음),,
당진119안전센터,(산하 안전센터 없음),,
당진소방서,기지시119안전센터,충청남도 당진시 송악읍 틀모시로 844,
당진소방서,당진119안전센터,충청남도 당진시 역천로 838,
당진소방서,석문119안전센터,충청남도 당진시 석문면 보덕포로 1069-21,
당진소방서,소방정대,충청남도 당진시 송악읍 고대공단2길 79-25,
당진소방서,송악119안전센터,충청남도 당진시 송악읍 송악로 1019,
당진소방서,신평119안전센터,충청남도 당진시 신평면 신평길 133,
당진소방서,합덕119안전센터,충청남도 당진시 우강면 중방로 2,
대가야119안전센터,(산하 안전센터 없음),,
대강119지역대,(산하 안전센터 없음),,
대강119지역대,(산하 안전센터 없음),,
대곡119지역대,(산하 안전센터 없음),,
대곶119안전센터,(산하 안전센터 없음),,
대관령119안전센터,(산하 안전센터 없음),,
대광119안전센터,(산하 안전센터 없음),,
대덕119지역대,(산하 안전센터 없음),,
대덕소방서,구암119안전센터,대전광역시 유성구 월드컵대로 263,
대덕소방서,대화119안전센터,대전광역시 대덕구 대화로 81,
대덕소방서,덕암119안전센터,대전광역시 대덕구 신탄진로 661,
대덕소방서,문평119안전센터,대전광역시 대덕구 문평동로 18번길 34,
대덕소방서,문화119안전센터,대전광역시 중구 계룡로 918번길 67,
대덕소방서,법동119안전센터,대전광역시 대덕구 계족로 682,
대덕소방서,산성119안전센터,대전광역시 중구 산성로 59,
대덕소방서,삼성119안전센터,대전광역시 동구 태전로 134,
대덕소방서,송촌119안전센터,대전광역시 대덕구 동춘당로 65,
대덕소방서,원동119안전센터,대전광역시 동구 대전천동로 508,
대동119안전센터,(산하 안전센터 없음),,
대룡119안전센터,(산하 안전센터 없음),,
대림119안전센터,(산하 안전센터 없음),,
대명119안전센터,(산하 안전센터 없음),,
대명119지역대,(산하 안전센터 없음),,
대부119안전센터,(산하 안전센터 없음),,
대산119안전센터,(산하 안전센터 없음),,
대산119안전센터,(산하 안전센터 없음),,
대산119안전센터,(산하 안전센터 없음),,
대산119지역대,(산하 안전센터 없음),,
대서119지역대,(산하 안전센터 없음),,
대신119안전센터,(산하 안전센터 없음),,
대신119안전센터,(산하 안전센터 없음),,
대신119지역대,(산하 안전센터 없음),,
대야119안전센터,(산하 안전센터 없음),,
대연119안전센터,(산하 안전센터 없음),,
대원119안전센터,(산하 안전센터 없음),,
대월119안전센터,(산하 안전센터 없음),,
대인119안전센터,(산하 안전센터 없음),,
대저119안전센터,(산하 안전센터 없음),,
대전119지역대,(산하 안전센터 없음),,
대정119안전센터,(산하 안전센터 없음),,
대천119안전센터,(산하 안전센터 없음),,
대청119지역대,(산하 안전센터 없음),,
대촌119안전센터,(산하 안전센터 없음),,
대평119안전센터,(산하 안전센터 없음),,
대합119지역대,(산하 안전센터 없음),,
대현119안전센터,(산하 안전센터 없음),,
대호지119지역대,(산하 안전센터 없음),,
대화119안전센터,(산하 안전센터 없음),,
대화119안전센터,(산하 안전센터 없음),,
대화119안전센터,(산하 안전센터 없음),,
대흥119안전센터,(산하 안전센터 없음),,
덕곡119지역대,(산하 안전센터 없음),,
덕산119안전센터,(산하 안전센터 없음),,
덕산119안전센터,(산하 안전센터 없음),,
덕산119안전센터,(산하 안전센터 없음),,
덕산119지역대,(산하 안전센터 없음),,
덕암119안전센터,(산하 안전센터 없음),,
덕적119지역대,(산하 안전센터 없음),,
덕풍119안전센터,(산하 안전센터 없음),,
도계119안전센터,(산하 안전센터 없음),,
도기119안전센터,(산하 안전센터 없음),,
도남119안전센터,(산하 안전센터 없음),,
도덕119지역대,(산하 안전센터 없음),,
도룡119안전센터,(산하 안전센터 없음),,
도림119안전센터,(산하 안전센터 없음),,
도봉119안전센터,(산하 안전센터 없음),,
도봉산산악구조대,(산하 안전센터 없음),,
도봉소방서,도봉119안전센터,서울특별시 도봉구 노해로 152 (도봉동),
도봉소방서,방학119안전센터,서울특별시 도봉구 도봉로 666 (방학동),
도봉소방서,쌍문119안전센터,서울특별시 도봉구 노해로 152 (쌍문동),
도봉소방서,창동119안전센터,서울특별시 도봉구 해등로 25 (창동),
도산119안전센터,(산하 안전센터 없음),,
도암119지역대,(산하 안전센터 없음),,
도암119지역대,(산하 안전센터 없음),,
도양119안전센터,(산하 안전센터 없음),,
도원119안전센터,(산하 안전센터 없음),,
도척119지역대,(산하 안전센터 없음),,
도청119구조구급센터,(산하 안전센터 없음),,
도청119안전센터,(산하 안전센터 없음),,
도화119안전센터,(산하 안전센터 없음),,
도화119지역대,(산하 안전센터 없음),,
독립119안전센터,(산하 안전센터 없음),,
돈암119안전센터,(산하 안전센터 없음),,
돌산119안전센터,(산하 안전센터 없음),,
동강119지역대,(산하 안전센터 없음),,
동강119지역대,(산하 안전센터 없음),,
동계119지역대,(산하 안전센터 없음),,
동광119안전센터,(산하 안전센터 없음),,
동금119안전센터,(산하 안전센터 없음),,
동대문소방서,용두119안전센터,서울특별시 동대문구 왕산로 76 (용두동),
동대문소방서,전농119안전센터,서울특별시 동대문구 황물로 3 (전농동),
동대문소방서,청량리119안전센터,서울특별시 동대문구 왕산로 299 (청량리동),
동대문소방서,휘경119안전센터,서울특별시 동대문구 망우로 106 (휘경동),
동두천소방서,불현119안전센터,경기도 동두천시 지행로 6,
동두천소방서,소요119안전센터,경기 동두천시 평화로2910번길 65,
동래소방서,수안119안전센터,부산광역시 동래구 명륜로45번길 7(수안동),
동래소방서,양정119안전센터,부산광역시 부산진구 연수로 44(양정동),
동래소방서,온천119안전센터,부산광역시 동래구 우장춘로 196(온천동),
동로119지역대,(산하 안전센터 없음),,
동림119안전센터,(산하 안전센터 없음),,
동면119지역대,(산하 안전센터 없음),,
동면119지역대,(산하 안전센터 없음),,
동명119안전센터,(산하 안전센터 없음),,
동백119안전센터,(산하 안전센터 없음),,
동복119안전센터,(산하 안전센터 없음),,
동부119구조대,(산하 안전센터 없음),,
동부119안전센터,(산하 안전센터 없음),,
동부119안전센터,(산하 안전센터 없음),,
동부119안전센터,(산하 안전센터 없음),,
동부119안전센터,(산하 안전센터 없음),,
동부소방서,(산하 안전센터 없음),,
동부소방서,(산하 안전센터 없음),,
동부소방서,(산하 안전센터 없음),,
동부소방서,(산하 안전센터 없음),,
동부소방서,(산하 안전센터 없음),,
동삼119안전센터,(산하 안전센터 없음),,
동상119안전센터,(산하 안전센터 없음),,
동송119안전센터,(산하 안전센터 없음),,
동읍119안전센터,(산하 안전센터 없음),,
동작119안전센터,(산하 안전센터 없음),,
동작소방서,노량진119안전센터,서울특별시 동작구 노량진로 187 (노량진동),
동작소방서,동작119안전센터,서울특별시 동작구 여의대방로16길 55 (신대방동),
동작소방서,상도119안전센터,서울특별시 동작구 국사봉1길 17 (상도동),
동촌119안전센터,(산하 안전센터 없음),,
동춘119안전센터,(산하 안전센터 없음),,
동학사119안전센터,(산하 안전센터 없음),,
동해소방서,묵호119안전센터,강원도 동해시 일출로 29(발한동),
동해소방서,북평119안전센터,강원도 동해시 공단1로 21(구호동),
동해소방서,천곡119안전센터,강원도 동해시 천곡로 120(천곡동),
동향119지역대,(산하 안전센터 없음),,
동홍119안전센터,(산하 안전센터 없음),,
동화119지역대,(산하 안전센터 없음),,
두마119안전센터,(산하 안전센터 없음),,
두서119안전센터,(산하 안전센터 없음),,
두암119안전센터,(산하 안전센터 없음),,
두운119지역대,(산하 안전센터 없음),,
두원119지역대,(산하 안전센터 없음),,
두정119안전센터,(산하 안전센터 없음),,
두촌119지역대,(산하 안전센터 없음),,
두호119안전센터,(산하 안전센터 없음),,
둔내119안전센터,(산하 안전센터 없음),,
둔산소방서,갈마119안전센터,대전광역시 서구 갈마중로 15,
둔산소방서,샘머리119안전센터,대전광역시 서구 둔산로 101번길 26,
둔산소방서,월평119안전센터,대전광역시 서구 청사로 27,
둔산소방서,탄방119안전센터,대전광역시 서구 문정로 142,
둔포119안전센터,(산하 안전센터 없음),,
드론운영팀,(산하 안전센터 없음),,
등촌119안전센터,(산하 안전센터 없음),,
땅끝119안전센터,(산하 안전센터 없음),,
뚝섬수난구조대,(산하 안전센터 없음),,
마곡119안전센터,(산하 안전센터 없음),,
마도119지역대,(산하 안전센터 없음),,
마량119지역대,(산하 안전센터 없음),,
마령119안전센터,(산하 안전센터 없음),,
마산119안전센터,(산하 안전센터 없음),,
마산119지역대,(산하 안전센터 없음),,
마산소방서,구산119안전센터,경상남도 창원시 마산합포구 구산면 해양관광로 1401,
마산소방서,구암119안전센터,경상남도 창원시 마산회원구 팔용로 260,
마산소방서,남성119안전센터,경상남도 창원시 마산합포구 남성로 114,
마산소방서,내서119안전센터,경상남도 창원시 마산회원구 내서읍 중리공단로 104,
마산소방서,석전119안전센터,경상남도 창원시 마산회원구 양덕옛1길 62,
마산소방서,양봉119안전센터,경상남도 창원시 마산회원구 자유무역1길 22,
마산소방서,중앙119안전센터,경상남도 진주시 북장대로64번길 14,
마산소방서,진동119안전센터,경상남도 창원시 마산합포구 진동면 해양관광로 52,
마산소방서,진전119안전센터,경상남도 창원시 마산합포구 진전면 삼진의거대로 55-89,
마산소방서,호계119안전센터,경상남도 창원시 마산회원구 내서읍 호계본동3길 59-10,
마장119안전센터,(산하 안전센터 없음),,
마전119안전센터,(산하 안전센터 없음),,
마천119안전센터,(산하 안전센터 없음),,
마포소방서,공덕119안전센터,서울특별시 마포구 만리재옛길 82 (공덕동),
마포소방서,상암119안전센터,서울특별시 마포구 월드컵로42길 34 (상암동),
마포소방서,서교119안전센터,서울특별시 마포구 양화로 60 (서교동),
마포소방서,신수119안전센터,서울특별시 마포구 창전로 76 (신수동),
마포소방서,염리119안전센터,서울특별시 마포구 토정로 37길 27 (염리동),
만경119안전센터,(산하 안전센터 없음),,
만덕119안전센터,(산하 안전센터 없음),,
만석119안전센터,(산하 안전센터 없음),,
만수119안전센터,(산하 안전센터 없음),,
만촌119안전센터,(산하 안전센터 없음),,
망미119안전센터,(산하 안전센터 없음),,
망성119지역대,(산하 안전센터 없음),,
망우119안전센터,(산하 안전센터 없음),,
망운119지역대,(산하 안전센터 없음),,
매곡119안전센터,(산하 안전센터 없음),,
매곡119안전센터,(산하 안전센터 없음),,
매산119안전센터,(산하 안전센터 없음),,
매송119지역대,(산하 안전센터 없음),,
매포119안전센터,(산하 안전센터 없음),,
맹동119지역대,(산하 안전센터 없음),,
면목119안전센터,(산하 안전센터 없음),,
면천119지역대,(산하 안전센터 없음),,
명덕119안전센터,(산하 안전센터 없음),,
명륜119안전센터,(산하 안전센터 없음),,
명천119안전센터,(산하 안전센터 없음),,
명호119안전센터,(산하 안전센터 없음),,
모가119지역대,(산하 안전센터 없음),,
모곡119안전센터,(산하 안전센터 없음),,
모라119안전센터,(산하 안전센터 없음),,
모서119지역대,(산하 안전센터 없음),,
모전119안전센터,(산하 안전센터 없음),,
모종119안전센터,(산하 안전센터 없음),,
모현119안전센터,(산하 안전센터 없음),,
모현119안전센터,(산하 안전센터 없음),,
목감119안전센터,(산하 안전센터 없음),,
목동119안전센터,(산하 안전센터 없음),,
목동119안전센터,(산하 안전센터 없음),,
목포소방서,경동119안전센터,전라남도 목포시 유동로 42번길 1,
목포소방서,삼학119안전센터,전라남도 목포시 삼학로 218,
목포소방서,연산119안전센터,전라남도 목포시 산정공단로 64,
목포소방서,하당119안전센터,전라남도 목포시 삼향천로 110,
목포소방서,호남119안전센터,전라남도 목포시 영산로 165,
목행119안전센터,(산하 안전센터 없음),,
몽탄119지역대,(산하 안전센터 없음),,
무거119안전센터,(산하 안전센터 없음),,
무안119안전센터,(산하 안전센터 없음),,
무안119안전센터,(산하 안전센터 없음),,
무안소방서,남악119안전센터,전라남도 무안군 삼향읍 남악5로72번길81-18,
무안소방서,일로119안전센터,전라남도 무안군 일로읍 삼일로 493-1,
무안소방서,청계119안전센터,전라남도 무안군 청계면 영산로 1725,
무안소방서,해제119안전센터,전라남도 무안군 해제면 현해로 1621,
무열로119안전센터,(산하 안전센터 없음),,
무의119지역대,(산하 안전센터 없음),,
무장119안전센터,(산하 안전센터 없음),,
무전119안전센터,(산하 안전센터 없음),,
무주119안전센터,(산하 안전센터 없음),,
무태119안전센터,(산하 안전센터 없음),,
무학119안전센터,(산하 안전센터 없음),,
묵호119안전센터,(산하 안전센터 없음),,
문경119안전센터,(산하 안전센터 없음),,
문경소방서,가은119안전센터,경상북도 문경시 가은읍 가은로 126,
문경소방서,모전119안전센터,경상북도 문경시 모전로 173,
문경소방서,문경119안전센터,경상북도 문경시 문경읍 새재로 501,
문경소방서,점촌119안전센터,경상북도 문경시 중앙로 305,
문내119지역대,(산하 안전센터 없음),,
문막119안전센터,(산하 안전센터 없음),,
문무대왕119지역대,(산하 안전센터 없음),,
문백119지역대,(산하 안전센터 없음),,
문산119안전센터,(산하 안전센터 없음),,
문수119안전센터,(산하 안전센터 없음),,
문의119안전센터,(산하 안전센터 없음),,
문평119안전센터,(산하 안전센터 없음),,
문평119지역대,(산하 안전센터 없음),,
문화119안전센터,(산하 안전센터 없음),,
문화119안전센터,(산하 안전센터 없음),,
문흥119안전센터,(산하 안전센터 없음),,
물금119안전센터,(산하 안전센터 없음),,
미래119안전센터,(산하 안전센터 없음),,
미로119지역대,(산하 안전센터 없음),,
미사119안전센터,(산하 안전센터 없음),,
미아119안전센터,(산하 안전센터 없음),,
미양119안전센터,(산하 안전센터 없음),,
미원119지역대,(산하 안전센터 없음),,
미조119안전센터,(산하 안전센터 없음),,
미추홀소방서,관교119안전센터,인천광역시 미추홀구 인하로 450 (관교동),
미추홀소방서,도화119안전센터,인천광역시 미추홀구 장고개로 85 (도화동),
미추홀소방서,숭의119안전센터,인천광역시 미추홀구 석정로 49번길 30 (숭의동),
미추홀소방서,신기119안전센터,인천광역시 미추홀구 인하로 190 (주안동),
미추홀소방서,용현119안전센터,인천광역시 미추홀구 독배로 376 (용현동),
미추홀소방서,주안119안전센터,인천광역시 미추홀구 한나루로 607 (도화동),
미탄119지역대,(산하 안전센터 없음),,
밀양소방서,가곡119안전센터,경상남도 밀양시 용두로 5,
밀양소방서,교동119안전센터,전라북도 전주시 완산구 경기전길 183,
밀양소방서,교동119안전센터,경상남도 밀양시 밀양대공원로 66,
밀양소방서,무안119안전센터,전라남도 무안군 무안읍 공항로 133,
밀양소방서,무안119안전센터,경상남도 밀양시 무안면 사명로 541,
밀양소방서,산동119안전센터,경상남도 밀양시 산외면 단산길 2-7,
밀양소방서,삼랑진119안전센터,경상남도 밀양시 삼랑진읍 삼랑진로 16-3,
밀양소방서,하남119안전센터,광주광역시 광산구 하남산단1번로 13 (하남동),
밀양소방서,하남119안전센터,경상남도 밀양시 하남읍 명례로 108,
박달119안전센터,(산하 안전센터 없음),,
반남119지역대,(산하 안전센터 없음),,
반성119지역대,(산하 안전센터 없음),,
반송119안전센터,(산하 안전센터 없음),,
반송119안전센터,(산하 안전센터 없음),,
반여119안전센터,(산하 안전센터 없음),,
반월119안전센터,(산하 안전센터 없음),,
반월119안전센터,(산하 안전센터 없음),,
반포119안전센터,(산하 안전센터 없음),,
반포수난구조대,(산하 안전센터 없음),,
발산119안전센터,(산하 안전센터 없음),,
방림119지역대,(산하 안전센터 없음),,
방배119안전센터,(산하 안전센터 없음),,
방산119지역대,(산하 안전센터 없음),,
방이119안전센터,(산하 안전센터 없음),,
방학119안전센터,(산하 안전센터 없음),,
방화119안전센터,(산하 안전센터 없음),,
배방119안전센터,(산하 안전센터 없음),,
백곡119지역대,(산하 안전센터 없음),,
백구119지역대,(산하 안전센터 없음),,
백령119안전센터,(산하 안전센터 없음),,
백사119지역대,(산하 안전센터 없음),,
백석119안전센터,(산하 안전센터 없음),,
백석119안전센터,(산하 안전센터 없음),,
백수119지역대,(산하 안전센터 없음),,
백아119지역대,(산하 안전센터 없음),,
백암119안전센터,(산하 안전센터 없음),,
백운119안전센터,(산하 안전센터 없음),,
백운119안전센터,(산하 안전센터 없음),,
백전지역대,(산하 안전센터 없음),,
백제119안전센터,(산하 안전센터 없음),,
백학119안전센터,(산하 안전센터 없음),,
번동119안전센터,(산하 안전센터 없음),,
번암119지역대,(산하 안전센터 없음),,
벌곡119지역대,(산하 안전센터 없음),,
벌교119안전센터,(산하 안전센터 없음),,
범물119안전센터,(산하 안전센터 없음),,
범박119안전센터,(산하 안전센터 없음),,
범서119안전센터,(산하 안전센터 없음),,
범일119안전센터,(산하 안전센터 없음),,
법동119안전센터,(산하 안전센터 없음),,
법성119지역대,(산하 안전센터 없음),,
법수119지역대,(산하 안전센터 없음),,
법원119안전센터,(산하 안전센터 없음),,
법흥119안전센터,(산하 안전센터 없음),,
변산119지역대,(산하 안전센터 없음),,
별내119안전센터,(산하 안전센터 없음),,
병영119안전센터,(산하 안전센터 없음),,
병영119지역대,(산하 안전센터 없음),,
병천119안전센터,(산하 안전센터 없음),,
보람119안전센터,(산하 안전센터 없음),,
보령소방서,명천119안전센터,충청남도 보령시 성주산로 63,
보령소방서,신흑119안전센터,충청남도 보령시 대천항로 205,
보령소방서,웅천119안전센터,충청남도 보령시 웅천읍 충서로 947,
보령소방서,주포119안전센터,충청남도 보령시 주포면 질재로 47-16,
보문119안전센터,(산하 안전센터 없음),,
보성119안전센터,(산하 안전센터 없음),,
보성소방서,벌교119안전센터,전라남도 보성군 벌교읍 녹색로 5247,
보성소방서,보성119안전센터,전라남도 보성군 보성읍 송재로 235,
보성소방서,홍교119안전센터,전라남도 보성군 벌교읍 홍암로 116-4,
보은119안전센터,(산하 안전센터 없음),,
보은소방서,구병산119안전센터,충청북도 보은군 마로면 관기송현로 48,
보은소방서,보은119안전센터,충청북도 보은군 보은읍 남부로 4415,
보은소방서,속리산119안전센터,충청북도 보은군 속리산면 법주사로 278,
보정119안전센터,(산하 안전센터 없음),,
복내119지역대,(산하 안전센터 없음),,
복대119안전센터,(산하 안전센터 없음),,
복수119안전센터,(산하 안전센터 없음),,
복진119안전센터,(산하 안전센터 없음),,
복현119안전센터,(산하 안전센터 없음),,
복현119지역대,(산하 안전센터 없음),,
복흥119지역대,(산하 안전센터 없음),,
본리119안전센터,(산하 안전센터 없음),,
봉곡119안전센터,(산하 안전센터 없음),,
봉곡119안전센터,(산하 안전센터 없음),,
봉담119안전센터,(산하 안전센터 없음),,
봉덕119안전센터,(산하 안전센터 없음),,
봉동119안전센터,(산하 안전센터 없음),,
봉산119안전센터,(산하 안전센터 없음),,
봉선119안전센터,(산하 안전센터 없음),,
봉양119안전센터,(산하 안전센터 없음),,
봉양119안전센터,(산하 안전센터 없음),,
봉천119안전센터,(산하 안전센터 없음),,
봉평119안전센터,(산하 안전센터 없음),,
봉화119안전센터,(산하 안전센터 없음),,
봉화소방서,명호119안전센터,경상북도 봉화군 명호면 도천길 18-46,
봉화소방서,봉화119안전센터,경상북도 봉화군 봉화읍 내성천3길 152,
봉화소방서,춘양119안전센터,경상북도 봉화군 춘양면 소천로 22,
봉황119안전센터,(산하 안전센터 없음),,
봉황119지역대,(산하 안전센터 없음),,
부강119안전센터,(산하 안전센터 없음),,
부개119안전센터,(산하 안전센터 없음),,
부계119지역대,(산하 안전센터 없음),,
부곡119안전센터,(산하 안전센터 없음),,
부곡119안전센터,(산하 안전센터 없음),,
부곡119안전센터,(산하 안전센터 없음),,
부귀119지역대,(산하 안전센터 없음),,
부두119안전센터,(산하 안전센터 없음),,
부론119지역대,(산하 안전센터 없음),,
부림119안전센터,(산하 안전센터 없음),,
부림119안전센터,(산하 안전센터 없음),,
부민119안전센터,(산하 안전센터 없음),,
부발119지역대,(산하 안전센터 없음),,
부사119안전센터,(산하 안전센터 없음),,
부산소방학교,(산하 안전센터 없음),,
부산진소방서,당감119안전센터,부산광역시 부산진구 백양산로53번길 65(당감동),
부산진소방서,범일119안전센터,부산광역시 동구 범일로 115(범일동),
부산진소방서,부암119안전센터,부산광역시 부산진구 신천대로 282(부암동),
부산진소방서,부전119안전센터,부산광역시 부산진구 서전로 43(전포동),
부산진소방서,수정119안전센터,부산광역시 동구 중앙대로 383-1(수정동),
부산진소방서,안창119안전센터,부산광역시 동구 안창로 62(범일동),
부석119안전센터,(산하 안전센터 없음),,
부석119지역대,(산하 안전센터 없음),,
부안119안전센터,(산하 안전센터 없음),,
부안소방서,격포119안전센터,전라북도 부안군 변산면 격포항길 64-17,
부안소방서,부안119안전센터,전라북도 부안군 행안면 변산로 86,
부암119안전센터,(산하 안전센터 없음),,
부여소방서,백제119안전센터,충청남도 부여군 규암면 계백로17,
부여소방서,사비119안전센터,충청남도 부여군 부여읍 북포로 29,
부여소방서,외산119안전센터,충청남도 부여군 외산면 만수로 235,
부여소방서,임천119안전센터,충청남도 부여군 임천면 성흥로179번길1,
부여소방서,홍산119안전센터,충청남도 부여군 홍산면 북토로 89,
부전119안전센터,(산하 안전센터 없음),,
부천소방서,괴안119안전센터,경기도 부천시 부광로8번길 49,
부천소방서,범박119안전센터,경기도 부천시 범안로 127,
부천소방서,상동119안전센터,경기도 부천시 장말로 113,
부천소방서,서부119안전센터,경기도 부천시 계남로 169,
부천소방서,신상119안전센터,경기도 부천시 상동로117번길 36,
부천소방서,여월119안전센터,경기도 부천시 여월로 62,
부천소방서,오정119안전센터,경기도 부천시 신흥로 499,
부천소방서,원종119안전센터,경기도 부천시 원종로79번길 41,
부천소방서,중동119안전센터,부산광역시 해운대구 달맞이길 117번길 72(중동),
부천소방서,중동119안전센터,경기도 부천시 부일로 346,
부천소방서,중앙119안전센터,경기도 부천시 신흥로 115,
부평119안전센터,(산하 안전센터 없음),,
부평소방서,부개119안전센터,인천광역시 부평구 부개로 6 (부개동),
부평소방서,부평119안전센터,인천광역시 부평구 부평대로 8 (부평동),
부평소방서,산곡119안전센터,인천광역시 부평구 마장로 198 (산곡동),
부평소방서,십정119안전센터,인천광역시 부평구 경원대로 1111 (십정동),
북가좌119안전센터,(산하 안전센터 없음),,
북내119안전센터,(산하 안전센터 없음),,
북도119지역대,(산하 안전센터 없음),,
북면119안전센터,(산하 안전센터 없음),,
북면119안전센터,(산하 안전센터 없음),,
북면119지역대,(산하 안전센터 없음),,
북면119지역대,(산하 안전센터 없음),,
북면119지역대,(산하 안전센터 없음),,
북면119지역대,(산하 안전센터 없음),,
북문119안전센터,(산하 안전센터 없음),,
북방119지역대,(산하 안전센터 없음),,
북부119안전센터,(산하 안전센터 없음),,
북부119안전센터,(산하 안전센터 없음),,
북부119종합상황실,(산하 안전센터 없음),,
북부소방서,감전119안전센터,부산광역시 사상구 가야대로 41(감전동),
북부소방서,강동119안전센터,울산광역시 북구 산하중앙2로 231 (산하동),
북부소방서,건국119안전센터,광주광역시 북구 용두마을길 10(본촌동),
북부소방서,구포119안전센터,부산광역시 북구 만덕대로 31(덕천동),
북부소방서,금곡119안전센터,부산광역시 북구 금곡대로 680 (금곡동),
북부소방서,노원119안전센터,대구광역시 북구 노원로 42 (노원동3가),
북부소방서,농소119안전센터,울산광역시 북구 아진로 72 (상안동),
북부소방서,대현119안전센터,대구광역시 북구 대현로 105 (대현동),
북부소방서,동림119안전센터,광주광역시 북구 북문대로 202 (동림동),
북부소방서,두암119안전센터,광주광역시 북구 삼정로 5 (두암동),
북부소방서,만덕119안전센터,부산광역시 북구 함박봉로 142(만덕동),
북부소방서,매곡119안전센터,대구광역시 달성군 다사읍 달구벌대로 753 (매곡리),
북부소방서,모라119안전센터,부산광역시 사상구 백양대로 950(모라동),
북부소방서,문흥119안전센터,광주광역시 북구 서하로 290 (문흥동),
북부소방서,산격119안전센터,대구광역시 북구 유통단지로8길 88 (산격2동),
북부소방서,삼락119안전센터,부산광역시 사상구 삼덕로 17(삼락동),
북부소방서,염포119안전센터,울산광역시 북구 염포로 769 (염포동),
북부소방서,일곡119안전센터,광주광역시 북구 설죽로 529 (일곡동),
북부소방서,임동119안전센터,광주광역시 북구 서림로 5 (임동),
북부소방서,주례119안전센터,부산광역시 사상구 양지로22(주례동),
북부소방서,칠성119안전센터,대구광역시 북구 칠성남로 112 (칠성동2가),
북부소방서,침산119안전센터,대구광역시 북구 침산로 295 (침산동),
북부소방서,학장119안전센터,부산광역시 사상구 학감대로 89(학장동),
북부소방서,화명119안전센터,부산광역시 북구 금곡대로 184(화명동),
북부소방서,(산하 안전센터 없음),,
북부소방서,(산하 안전센터 없음),,
북부소방서,(산하 안전센터 없음),,
북부특수대응단,(산하 안전센터 없음),,
북삼119안전센터,(산하 안전센터 없음),,
북삼119안전센터,(산하 안전센터 없음),,
북아현119안전센터,(산하 안전센터 없음),,
북안119지역대,(산하 안전센터 없음),,
북안119지역대,(산하 안전센터 없음),,
북이119지역대,(산하 안전센터 없음),,
북일119지역대,(산하 안전센터 없음),,
북평119안전센터,(산하 안전센터 없음),,
북평119지역대,(산하 안전센터 없음),,
북평119지역대,(산하 안전센터 없음),,
북한산산악구조대,(산하 안전센터 없음),,
북후119지역대,(산하 안전센터 없음),,
분당소방서,구미119안전센터,경기도 성남시 분당구 돌마로 138,
분당소방서,서판교119안전센터,경기도 성남시 분당구 운중로 88,
분당소방서,서현119안전센터,경기도 성남시 분당구 양현로 14,
분당소방서,수내119안전센터,경기도 성남시 분당구 백현로 241,
분당소방서,야탑119안전센터,경기도 성남시 분당구 양현로 485,
불국사119안전센터,(산하 안전센터 없음),,
불당119안전센터,(산하 안전센터 없음),,
불로119안전센터,(산하 안전센터 없음),,
불은119안전센터,(산하 안전센터 없음),,
불정119지역대,(산하 안전센터 없음),,
불현119안전센터,(산하 안전센터 없음),,
비금119지역대,(산하 안전센터 없음),,
비봉119지역대,(산하 안전센터 없음),,
비산119안전센터,(산하 안전센터 없음),,
비아119안전센터,(산하 안전센터 없음),,
비응119안전센터,(산하 안전센터 없음),,
비인119안전센터,(산하 안전센터 없음),,
비전119안전센터,(산하 안전센터 없음),,
빛가람119안전센터,(산하 안전센터 없음),,
빛그린119안전센터,(산하 안전센터 없음),,
사남119안전센터,(산하 안전센터 없음),,
사동119안전센터,(산하 안전센터 없음),,
사등119안전센터,(산하 안전센터 없음),,
사매119지역대,(산하 안전센터 없음),,
사북119안전센터,(산하 안전센터 없음),,
사비119안전센터,(산하 안전센터 없음),,
사정119안전센터,(산하 안전센터 없음),,
사직119안전센터,(산하 안전센터 없음),,
사직119안전센터,(산하 안전센터 없음),,
사천119안전센터,(산하 안전센터 없음),,
사천119안전센터,(산하 안전센터 없음),,
사천소방서,곤양119안전센터,경상남도 사천시 곤양면 곤북로 64,
사천소방서,동금119안전센터,경상남도 사천시 남일로 29,
사천소방서,사남119안전센터,경상남도 사천시 사남면 공단2로 53,
사천소방서,사천119안전센터,경상남도 사천시 사천읍 무산로 21,
사평119지역대,(산하 안전센터 없음),,
사하소방서,감천119안전센터,부산광역시 사하구 원양로 405(감천동),
사하소방서,괴정119안전센터,부산광역시 사하구 낙동대로 262(괴정동),
사하소방서,다대119안전센터,부산광역시 사하구 다대로 622(다대동),
사하소방서,하단119안전센터,부산광역시 사하구 낙동남로 1407(하단동),
산격119안전센터,(산하 안전센터 없음),,
산곡119안전센터,(산하 안전센터 없음),,
산남119안전센터,(산하 안전센터 없음),,
산내119안전센터,(산하 안전센터 없음),,
산동119안전센터,(산하 안전센터 없음),,
산동119지역대,(산하 안전센터 없음),,
산본119안전센터,(산하 안전센터 없음),,
산북119안전센터,(산하 안전센터 없음),,
산북119지역대,(산하 안전센터 없음),,
산북119지역대,(산하 안전센터 없음),,
산서119지역대,(산하 안전센터 없음),,
산성119안전센터,(산하 안전센터 없음),,
산성119안전센터,(산하 안전센터 없음),,
산솔119안전센터,(산하 안전센터 없음),,
산악119구조대,(산하 안전센터 없음),,
산악구조대,(산하 안전센터 없음),,
산악구조대,(산하 안전센터 없음),,
산이119지역대,(산하 안전센터 없음),,
산척119지역대,(산하 안전센터 없음),,
산청119안전센터,(산하 안전센터 없음),,
산청산악구조대,(산하 안전센터 없음),,
산청소방서,단성119안전센터,경상남도 산청군 단성면 사직단로 447-8,
산청소방서,산청119안전센터,경상남도 산청군 산청읍 중앙로 76-7,
삼가119안전센터,(산하 안전센터 없음),,
삼각산119안전센터,(산하 안전센터 없음),,
삼계119안전센터,(산하 안전센터 없음),,
삼덕119안전센터,(산하 안전센터 없음),,
삼도119안전센터,(산하 안전센터 없음),,
삼동119안전센터,(산하 안전센터 없음),,
삼동119지역대,(산하 안전센터 없음),,
삼락119안전센터,(산하 안전센터 없음),,
삼랑진119안전센터,(산하 안전센터 없음),,
삼례119안전센터,(산하 안전센터 없음),,
삼산119안전센터,(산하 안전센터 없음),,
삼산119안전센터,(산하 안전센터 없음),,
삼산119지역대,(산하 안전센터 없음),,
삼산119지역대,(산하 안전센터 없음),,
삼산119지역대,(산하 안전센터 없음),,
삼성119안전센터,(산하 안전센터 없음),,
삼성119안전센터,(산하 안전센터 없음),,
삼성119안전센터,(산하 안전센터 없음),,
삼송119안전센터,(산하 안전센터 없음),,
삼정119안전센터,(산하 안전센터 없음),,
삼척소방서,근덕119안전센터,강원도 삼척시 근덕면 교가길 37,
삼척소방서,도계119안전센터,강원도 삼척시 도계읍 도계강변3길 16,
삼척소방서,봉황119안전센터,강원도 삼척시 봉황로 101,
삼척소방서,원덕119안전센터,강원도 삼척시 원덕읍 삼척로 581,
삼학119안전센터,(산하 안전센터 없음),,
삼호119안전센터,(산하 안전센터 없음),,
삼화119지역대,(산하 안전센터 없음),,
삽교119안전센터,(산하 안전센터 없음),,
상계119안전센터,(산하 안전센터 없음),,
상관119지역대,(산하 안전센터 없음),,
상남119지역대,(산하 안전센터 없음),,
상대119안전센터,(산하 안전센터 없음),,
상대원119안전센터,(산하 안전센터 없음),,
상도119안전센터,(산하 안전센터 없음),,
상동119안전센터,(산하 안전센터 없음),,
상동119안전센터,(산하 안전센터 없음),,
상동119안전센터,(산하 안전센터 없음),,
상동119지역대,(산하 안전센터 없음),,
상림119안전센터,(산하 안전센터 없음),,
상무119안전센터,(산하 안전센터 없음),,
상북119안전센터,(산하 안전센터 없음),,
상북119지역대,(산하 안전센터 없음),,
상서119지역대,(산하 안전센터 없음),,
상암119안전센터,(산하 안전센터 없음),,
상월119지역대,(산하 안전센터 없음),,
상주소방서,서성119안전센터,경상북도 상주시 상산로 322,
상주소방서,청리119안전센터,경상북도 상주시 청리면 마공공단로 152,
상주소방서,함창119안전센터,경상북도 상주시 함창읍 가야로 46-1,
상주소방서,화서119안전센터,경상북도 상주시 화서면 상현무동길 5,
상촌119지역대,(산하 안전센터 없음),,
샘머리119안전센터,(산하 안전센터 없음),,
생림119안전센터,(산하 안전센터 없음),,
서교119안전센터,(산하 안전센터 없음),,
서귀포소방서,대신119안전센터,제주특별자치도 서귀포시 서호남로 20(법환동),
서귀포소방서,동홍119안전센터,제주특별자치도 서귀포시 서홍로 14,
서귀포소방서,중문119안전센터,제주특별자치도 서귀포시 일주서로 669,
서귀포소방서,효돈119안전센터,제주특별자치도 서귀포시 일주동로 8234,
서대문소방서,북가좌119안전센터,서울특별시 서대문구 증가로 242 (북가좌동),
서대문소방서,북아현119안전센터,서울특별시 서대문구 북아현로 37 (북아현동),
서대문소방서,홍은119안전센터,서울특별시 서대문구 홍은중앙로 83 (홍은동),
서동119안전센터,(산하 안전센터 없음),,
서둔119안전센터,(산하 안전센터 없음),,
서면119안전센터,(산하 안전센터 없음),,
서면119안전센터,(산하 안전센터 없음),,
서면119지역대,(산하 안전센터 없음),,
서문로119안전센터,(산하 안전센터 없음),,
서부119안전센터,(산하 안전센터 없음),,
서부119안전센터,(산하 안전센터 없음),,
서부119안전센터,(산하 안전센터 없음),,
서부119지역대,(산하 안전센터 없음),,
서부소방서,(산하 안전센터 없음),,
서부소방서,한림119안전센터,제주특별자치도 제주시 한림읍 한림중앙로 150,
서부소방서,항만119안전센터,제주특별자치도 제주시 임항로 146,
서부소방서,(산하 안전센터 없음),,
서부소방서,(산하 안전센터 없음),,
서부소방서,(산하 안전센터 없음),,
서빙고119안전센터,(산하 안전센터 없음),,
서산소방서,부석119안전센터,충청남도 서산시 부석면 강경벌로 10,
서산소방서,성연119안전센터,충청남도 서산시 성연면 성연5로 92-31,
서산소방서,해미119안전센터,충청남도 서산시 해미면 성지3길 29,
서상119지역대,(산하 안전센터 없음),,
서생119지역대,(산하 안전센터 없음),,
서석119안전센터,(산하 안전센터 없음),,
서성119안전센터,(산하 안전센터 없음),,
서수119지역대,(산하 안전센터 없음),,
서신119지역대,(산하 안전센터 없음),,
서울소방학교,(산하 안전센터 없음),,
서원119지역대,(산하 안전센터 없음),,
서창119안전센터,(산하 안전센터 없음),,
서천119안전센터,(산하 안전센터 없음),,
서천소방서,비인119안전센터,충청남도 서천군 비인면 비인로 141,
서천소방서,서천119안전센터,충청남도 서천군 서천읍 충절로49번길 33-8,
서천소방서,장항119안전센터,충청남도 서천군 장항읍 장항로 37,
서천소방서,판교119안전센터,충청남도 서천군 판교면 대백제로 1953-24,
서천소방서,한산119안전센터,충청남도 서천군 한산면 충절로 1164,
서초119안전센터,(산하 안전센터 없음),,
서초소방서,반포119안전센터,서울특별시 서초구 사평대로 67 (반포동),
서초소방서,방배119안전센터,서울특별시 서초구 남부순환로 2155 (방배동),
서초소방서,서초119안전센터,서울특별시 서초구 효령로 400 (서초동),
서초소방서,양재119안전센터,서울특별시 서초구 동산로 9 (양재동),
서초소방서,우면119안전센터,서울특별시 서초구 남부순환로340길 49 (서초동),
서초소방서,잠원119안전센터,서울특별시 서초구 서초중앙로29길 6 (반포동),
서충주119안전센터,(산하 안전센터 없음),,
서탄119안전센터,(산하 안전센터 없음),,
서판교119안전센터,(산하 안전센터 없음),,
서포119지역대,(산하 안전센터 없음),,
서현119안전센터,(산하 안전센터 없음),,
서호119안전센터,(산하 안전센터 없음),,
서화119지역대,(산하 안전센터 없음),,
서후119지역대,(산하 안전센터 없음),,
석곡119지역대,(산하 안전센터 없음),,
석남119안전센터,(산하 안전센터 없음),,
석문119안전센터,(산하 안전센터 없음),,
석수119안전센터,(산하 안전센터 없음),,
석적119안전센터,(산하 안전센터 없음),,
석전119안전센터,(산하 안전센터 없음),,
석포119지역대,(산하 안전센터 없음),,
선남119안전센터,(산하 안전센터 없음),,
선단119안전센터,(산하 안전센터 없음),,
선부119안전센터,(산하 안전센터 없음),,
선산119안전센터,(산하 안전센터 없음),,
선장119지역대,(산하 안전센터 없음),,
설성119지역대,(산하 안전센터 없음),,
설악119안전센터,(산하 안전센터 없음),,
설악119안전센터,(산하 안전센터 없음),,
설천119지역대,(산하 안전센터 없음),,
성거119안전센터,(산하 안전센터 없음),,
성곡119안전센터,(산하 안전센터 없음),,
성남119안전센터,(산하 안전센터 없음),,
성남119지역대,(산하 안전센터 없음),,
성남소방서,고등119안전센터,경기도 성남시 수정구 대왕판교로 931,
성남소방서,단대119안전센터,경기도 성남시 수정구 논골로 11번길 7-2,
성남소방서,상대원119안전센터,경기도 성남시 중원구 둔촌대로 469,
성남소방서,신흥119안전센터,경기도 성남시 수정구 시민로 151,
성남소방서,위례119안전센터,경기도 성남시 수정구 헌릉로 1003,
성남소방서,태평119안전센터,대전광역시 중구 동서대로 1235,
성남소방서,태평119안전센터,경기도 성남시 수정구 성남대로 1312,
성남소방서,판교119안전센터,경기도 성남시 분당구 대왕판교로644번길 62,
성남소방서,하대원119안전센터,경기도 성남시 중원구 마지로 64,
성내119안전센터,(산하 안전센터 없음),,
성동소방서,성수119안전센터,서울특별시 성동구 뚝섬로 452 (성수동2가),
성동소방서,왕십리119안전센터,서울특별시 성동구 고산자로 249 (도선동),
성동소방서,행당119안전센터,서울특별시 성동구 살곶이길 331 (행당동),
성명119안전센터,(산하 안전센터 없음),,
성복119안전센터,(산하 안전센터 없음),,
성북소방서,길음119안전센터,서울특별시 성북구 정릉로 321 (길음동),
성북소방서,돈암119안전센터,서울특별시 성북구 보문로 192 (삼선동4가),
성북소방서,장위119안전센터,서울특별시 성북구 한천로 662-8 (장위동),
성북소방서,종암119안전센터,서울특별시 성북구 종암로 27길 3 (종암동),
성산119안전센터,(산하 안전센터 없음),,
성산119안전센터,(산하 안전센터 없음),,
성산119지역대,(산하 안전센터 없음),,
성산소방서,가음정119안전센터,경상남도 창원시 성산구 대정로 39,
성산소방서,대산119안전센터,경상남도 창원시 의창구 대산면 봉강가술로 583,
성산소방서,대원119안전센터,경상남도 창원시 성산구 두대로55번길 11,
성산소방서,봉곡119안전센터,경상남도 창원시 의창구 지귀로 127,
성산소방서,소방정대,경상남도 창원시 마산합포구 드림베이대로 75,
성산소방서,신월119안전센터,경상남도 창원시 성산구 상남로 165,
성산소방서,외동119안전센터,경상북도 경주시 외동읍 입실로1길 78-15,
성산소방서,외동119안전센터,경상남도 창원시 성산구 삼동로128번길 19,
성산소방서,웅남119안전센터,경상남도 창원시 성산구 봉양로 406,
성산소방서,중앙119안전센터,경상남도 창원시 마산합포구 제2부두로 55,
성서119안전센터,(산하 안전센터 없음),,
성수119안전센터,(산하 안전센터 없음),,
성연119안전센터,(산하 안전센터 없음),,
성읍119지역대,(산하 안전센터 없음),,
성전119안전센터,(산하 안전센터 없음),,
성주119안전센터,(산하 안전센터 없음),,
성주소방서,선남119안전센터,경상북도 성주군 선남면 도성3길 39-17,
성주소방서,성주119안전센터,경상북도 성주군 성주읍 주산로 193,
성환119안전센터,(산하 안전센터 없음),,
세곡119안전센터,(산하 안전센터 없음),,
세교119안전센터,(산하 안전센터 없음),,
세교119안전센터,(산하 안전센터 없음),,
세종대왕119지역대,(산하 안전센터 없음),,
세종로119안전센터,(산하 안전센터 없음),,
세종소방서,보람119안전센터,세종특별자치시 남세종로 436(보람동),
세종소방서,아름119안전센터,세종특별자치시 보듬3로 119 (아름동),
세종소방서,어진119안전센터,세종특별자치시 절재로 301 (어진동),
세종소방서,장군119안전센터,세종특별자치시 장군면 장척로 391,
세종소방서,한솔119안전센터,세종특별자치시 노을3로 29 (한솔동),
센텀119안전센터,(산하 안전센터 없음),,
소답119안전센터,(산하 안전센터 없음),,
소라119안전센터,(산하 안전센터 없음),,
소래119안전센터,(산하 안전센터 없음),,
소방본부,(산하 안전센터 없음),,
소방정대,(산하 안전센터 없음),,
소방정대,(산하 안전센터 없음),,
소방정대,(산하 안전센터 없음),,
소방정대,(산하 안전센터 없음),,
소방정대,(산하 안전센터 없음),,
소방항공대,(산하 안전센터 없음),,
소안119지역대,(산하 안전센터 없음),,
소양119안전센터,(산하 안전센터 없음),,
소양119지역대,(산하 안전센터 없음),,
소요119안전센터,(산하 안전센터 없음),,
소원119지역대,(산하 안전센터 없음),,
소정119지역대,(산하 안전센터 없음),,
소초119지역대,(산하 안전센터 없음),,
소태119지역대,(산하 안전센터 없음),,
소하119안전센터,(산하 안전센터 없음),,
소흘119안전센터,(산하 안전센터 없음),,
속리산119안전센터,(산하 안전센터 없음),,
속초소방서,노학119안전센터,강원도 속초시 미시령로 3226,
속초소방서,설악119안전센터,경기도 가평군 설악면 한서로 7,
속초소방서,설악119안전센터,강원도 속초시 청봉로5길 37,
속초소방서,영랑119안전센터,강원도 속초시 번영로 188,
손불119지역대,(산하 안전센터 없음),,
송광119지역대,(산하 안전센터 없음),,
송도소방서,국제119안전센터,인천광역시 연수구 센트럴로 412(송도동),
송도소방서,미래119안전센터,인천광역시 연수구 첨단대로 60번길 15(송도동),
송도소방서,신송119안전센터,인천광역시 연수구 해돋이로 92(송도동),
송도소방서,영흥119안전센터,인천광역시 옹진군 영흥면 영흥로 283-32,
송림119안전센터,(산하 안전센터 없음),,
송산119안전센터,(산하 안전센터 없음),,
송산119지역대,(산하 안전센터 없음),,
송산119지역대,(산하 안전센터 없음),,
송악119안전센터,(산하 안전센터 없음),,
송정119안전센터,(산하 안전센터 없음),,
송정119안전센터,(산하 안전센터 없음),,
송정119안전센터,(산하 안전센터 없음),,
송정119안전센터,(산하 안전센터 없음),,
송정119안전센터,(산하 안전센터 없음),,
송정119안전센터,(산하 안전센터 없음),,
송촌119안전센터,(산하 안전센터 없음),,
송탄소방서,고덕119안전센터,경기도 평택시 고덕로 335 (고덕동),
송탄소방서,모곡119안전센터,경기도 평택시 산단로64번길 2,
송탄소방서,서탄119안전센터,경기도 평택시 서탄면 서탄로 241,
송탄소방서,진위119안전센터,경기도 평택시 진위면 봉남길 30,
송탄소방서,청북119안전센터,경기도 평택시 청북읍 현곡산단로 16,
송파소방서,가락119안전센터,서울특별시 송파구 양재대로 932 (가락동),
송파소방서,거여119안전센터,서울특별시 송파구 마천로 329 (마천동),
송파소방서,마천119안전센터,서울특별시 송파구 오금로51길 56 (마천동),
송파소방서,방이119안전센터,서울특별시 송파구 강동대로 286 (방이동),
송파소방서,잠실119안전센터,서울특별시 송파구 석촌호수로 151 (잠실동),
송파소방서,종합운동장119안전센터,서울특별시 송파구 올림픽로 25 (잠실동),
송하119안전센터,(산하 안전센터 없음),,
송현119안전센터,(산하 안전센터 없음),,
송현119안전센터,(산하 안전센터 없음),,
수궁119안전센터,(산하 안전센터 없음),,
수난119구조대,(산하 안전센터 없음),,
수내119안전센터,(산하 안전센터 없음),,
수동119지역대,(산하 안전센터 없음),,
수락119안전센터,(산하 안전센터 없음),,
수비119지역대,(산하 안전센터 없음),,
수상구조대,(산하 안전센터 없음),,
수상구조대,(산하 안전센터 없음),,
수색119안전센터,(산하 안전센터 없음),,
수서119안전센터,(산하 안전센터 없음),,
수성119안전센터,(산하 안전센터 없음),,
수성소방서,가창119안전센터,대구광역시 달성군 가창면 가창로 547,
수성소방서,만촌119안전센터,대구광역시 수성구 달구벌대로 2658 (만촌3동),
수성소방서,무열로119안전센터,대구광역시 수성구 무열로 139 (만촌1동),
수성소방서,범물119안전센터,대구광역시 수성구 청호로 87 (범물동),
수성소방서,수성119안전센터,대구광역시 수성구 들안로60길 30 (수성동3가),
수성소방서,황금119안전센터,대구광역시 수성구 동대구로12길 41 (지산1동),
수안119안전센터,(산하 안전센터 없음),,
수안보119안전센터,(산하 안전센터 없음),,
수원남부소방서,고색119안전센터,경기도 수원시 권선구 서부로 1614,
수원남부소방서,매산119안전센터,경기도 수원시 팔달구 매산로 89,
수원남부소방서,서둔119안전센터,경기도 수원시 권선구 서호동로 48,
수원남부소방서,지만119안전센터,경기도 수원시 팔달구 경수대로 660,
수원남부소방서,호매실119안전센터,경기도 수원시 권선구 금곡로 194,
수원소방서,남부119안전센터,경기도 수원시 권선구 동수원로 286,
수원소방서,영통119안전센터,경기도 수원시 영통구 매영로 325,
수원소방서,원천119안전센터,경기도 수원시 영통구 중부대로 349,
수원소방서,이의119안전센터,경기도 수원시 영통구 도청로 10,
수원소방서,정자119안전센터,경기도 수원시 정자천로189번길 12,
수원소방서,파장119안전센터,경기도 수원시 장안구 서부로 2308,
수정119안전센터,(산하 안전센터 없음),,
수지119안전센터,(산하 안전센터 없음),,
수지119지역대,(산하 안전센터 없음),,
순성119지역대,(산하 안전센터 없음),,
순창119안전센터,(산하 안전센터 없음),,
순창소방서,순창119안전센터,전라북도 순창군 순창읍 교성로 24,
순천소방서,서면119안전센터,충청남도 서천군 서면 부사로 153,
순천소방서,서면119안전센터,전라남도 순천시 서면 삼산로 281,
순천소방서,승주119안전센터,전라남도 순천시 승주읍 승평길 19-17,
순천소방서,신대119안전센터,전라남도 순천시 해룡면 매안로142,
순천소방서,연향119안전센터,전라남도 순천시 연향1로 26,
순천소방서,왕조119안전센터,전라남도 순천시 기적의도서관 1길 30,
순천소방서,저전119안전센터,전라남도 순천시 중앙로 19,
순천소방서,해룡119안전센터,전라남도 순천시 해룡면 율촌산단5로 17,
순흥119지역대,(산하 안전센터 없음),,
숭의119안전센터,(산하 안전센터 없음),,
숭인119안전센터,(산하 안전센터 없음),,
승주119안전센터,(산하 안전센터 없음),,
시기119안전센터,(산하 안전센터 없음),,
시종119지역대,(산하 안전센터 없음),,
시흥119안전센터,(산하 안전센터 없음),,
시흥119안전센터,(산하 안전센터 없음),,
시흥소방서,목감119안전센터,경기도 시흥시 목감우회로 15,
시흥소방서,시흥119안전센터,서울특별시 금천구 시흥대로 45길 31(시흥동),
시흥소방서,시흥119안전센터,경기도 시흥시 정왕신길로 206,
시흥소방서,연성119안전센터,경기도 시흥시 새재로 29,
시흥소방서,은행119안전센터,경기도 시흥시 대은로 4,
시흥소방서,정왕119안전센터,경기도 공단1대로259번길 1,
식정119안전센터,(산하 안전센터 없음),,
신가119안전센터,(산하 안전센터 없음),,
신관119안전센터,(산하 안전센터 없음),,
신광119지역대,(산하 안전센터 없음),,
신교119안전센터,(산하 안전센터 없음),,
신기119안전센터,(산하 안전센터 없음),,
신기119지역대,(산하 안전센터 없음),,
신길119안전센터,(산하 안전센터 없음),,
신길119안전센터,(산하 안전센터 없음),,
신내119안전센터,(산하 안전센터 없음),,
신녕119안전센터,(산하 안전센터 없음),,
신당119안전센터,(산하 안전센터 없음),,
신대119안전센터,(산하 안전센터 없음),,
신덕119지역대,(산하 안전센터 없음),,
신도림119안전센터,(산하 안전센터 없음),,
신동119안전센터,(산하 안전센터 없음),,
신동119안전센터,(산하 안전센터 없음),,
신등119지역대,(산하 안전센터 없음),,
신림119안전센터,(산하 안전센터 없음),,
신림119안전센터,(산하 안전센터 없음),,
신북119안전센터,(산하 안전센터 없음),,
신북119안전센터,(산하 안전센터 없음),,
신북119지역대,(산하 안전센터 없음),,
신상119안전센터,(산하 안전센터 없음),,
신서119지역대,(산하 안전센터 없음),,
신송119안전센터,(산하 안전센터 없음),,
신수119안전센터,(산하 안전센터 없음),,
신안119안전센터,(산하 안전센터 없음),,
신안소방서,신안119안전센터,신안군 암태면 승봉로 17,
신안소방서,지도119안전센터,신안군 지도읍 해제지도로 1304,
신양119지역대,(산하 안전센터 없음),,
신영119안전센터,(산하 안전센터 없음),,
신원119지역대,(산하 안전센터 없음),,
신월119안전센터,(산하 안전센터 없음),,
신월119안전센터,(산하 안전센터 없음),,
신장119안전센터,(산하 안전센터 없음),,
신장119안전센터,(산하 안전센터 없음),,
신정119안전센터,(산하 안전센터 없음),,
신정119안전센터,(산하 안전센터 없음),,
신창119안전센터,(산하 안전센터 없음),,
신천119안전센터,(산하 안전센터 없음),,
신촌119지역대,(산하 안전센터 없음),,
신태인119안전센터,(산하 안전센터 없음),,
신트리119안전센터,(산하 안전센터 없음),,
신평119안전센터,(산하 안전센터 없음),,
신평119안전센터,(산하 안전센터 없음),,
신현119안전센터,(산하 안전센터 없음),,
신현119안전센터,(산하 안전센터 없음),,
신호119안전센터,(산하 안전센터 없음),,
신흑119안전센터,(산하 안전센터 없음),,
신흥119안전센터,(산하 안전센터 없음),,
심천119지역대,(산하 안전센터 없음),,
십정119안전센터,(산하 안전센터 없음),,
쌍문119안전센터,(산하 안전센터 없음),,
쌍용119안전센터,(산하 안전센터 없음),,
쌍용119지역대,(산하 안전센터 없음),,
쌍치119지역대,(산하 안전센터 없음),,
아라119안전센터,(산하 안전센터 없음),,
아름119안전센터,(산하 안전센터 없음),,
아산119지역대,(산하 안전센터 없음),,
아산소방서,둔포119안전센터,충청남도 아산시 충무로 1848,
아산소방서,모종119안전센터,충청남도 아산시 모종로 77,
아산소방서,배방119안전센터,충청남도 아산시 배방읍 배방로 38,
아산소방서,신창119안전센터,충청남도 아산시 신창면 순천향로 48,
아산소방서,인주119안전센터,충청남도 아산시 인주면 공세길 19,
아산소방서,장재119안전센터,충청남도 아산시 배방읍 용연로 88,
아산소방서,탕정119안전센터,충청남도 아산시 탕정면 탕정면로 26,
아중119안전센터,(산하 안전센터 없음),,
아포119안전센터,(산하 안전센터 없음),,
안강119안전센터,(산하 안전센터 없음),,
안계119안전센터,(산하 안전센터 없음),,
안남119지역대,(산하 안전센터 없음),,
안덕119안전센터,(산하 안전센터 없음),,
안덕119지역대,(산하 안전센터 없음),,
안동소방서,도산119안전센터,경상북도 안동시 도산면 퇴계로 2171,
안동소방서,법흥119안전센터,경상북도 안동시 육사로 301,
안동소방서,영양119안전센터,경상북도 영양군 영양읍 군민회관길 42-14,
안동소방서,옥동119안전센터,경상북도 안동시 광명로 85,
안동소방서,용상119안전센터,경상북도 안동시 마들6길 27,
안동소방서,입암119안전센터,경상북도 영양군 입암면 입암로 153,
안동소방서,풍산119안전센터,경상북도 안동시 풍산읍 풍산태사로 1162,
안면119안전센터,(산하 안전센터 없음),,
안산소방서,고잔119안전센터,인천광역시 남동구 남동서로 208 (고잔동),
안산소방서,고잔119안전센터,경기도 안산시 단원구 화랑로 407,
안산소방서,군자119안전센터,경기도 안산시 단원구 번영1로 45,
안산소방서,대부119안전센터,경기도 안산시 단원구 영전로 375,
안산소방서,반월119안전센터,경기도 안산시 상록구 건지미길 48,
안산소방서,사동119안전센터,경기도 안산시 상록구 항가울로 230,
안산소방서,선부119안전센터,경기도 안산시 단원구 선부광장서로 43 (선부동),
안산소방서,성곡119안전센터,경기도 안산시 단원구 장자골로 66,
안산소방서,신길119안전센터,서울특별시 영등포구 영등포로84길 31 (신길동),
안산소방서,신길119안전센터,경기도 안산시 단원구 삼일로 50,
안산소방서,원시119안전센터,경기도 안산시 단원구 동산로 31,
안산소방서,월피119안전센터,경기도 안산시 상록구 충장로 645,
안성119지역대,(산하 안전센터 없음),,
안성소방서,공도119안전센터,경기도 안성시 공도읍 공도로 111,
안성소방서,도기119안전센터,경기도 안성시 미양로 855,
안성소방서,미양119안전센터,경기도 안성시 미양면 제2공단3길 8,
안성소방서,원곡119안전센터,경기도 안성시 원곡면 원곡물류단지로 162-20,
안성소방서,죽산119안전센터,경기도 안성시 죽산면 장원공단길 38,
안심119안전센터,(산하 안전센터 없음),,
안양119안전센터,(산하 안전센터 없음),,
안양119지역대,(산하 안전센터 없음),,
안양소방서,관양119안전센터,경기도 안양시 동안구 동편로13번길 6,
안양소방서,귀인119안전센터,경기도 안양시 동안구 평촌대로 104,
안양소방서,박달119안전센터,경기도 안양시 만안구 오리로 38,
안양소방서,부림119안전센터,경기도 안양시 동안구 관평로212번길 32,
안양소방서,석수119안전센터,경기도 안양시 만안구 석수로 28,
안양소방서,안양119안전센터,경기도 안양시 만안구 현충로 55,
안의119안전센터,(산하 안전센터 없음),,
안좌119지역대,(산하 안전센터 없음),,
안중119안전센터,(산하 안전센터 없음),,
안창119안전센터,(산하 안전센터 없음),,
안천119지역대,(산하 안전센터 없음),,
안흥119지역대,(산하 안전센터 없음),,
암사119안전센터,(산하 안전센터 없음),,
압량119안전센터,(산하 안전센터 없음),,
압해119지역대,(산하 안전센터 없음),,
앙성119안전센터,(산하 안전센터 없음),,
애월119안전센터,(산하 안전센터 없음),,
야탑119안전센터,(산하 안전센터 없음),,
약목119지역대,(산하 안전센터 없음),,
양감119지역대,(산하 안전센터 없음),,
양구119안전센터,(산하 안전센터 없음),,
양구소방서,양구119안전센터,강원도 양구군 양구읍 중심로 92,
양금119안전센터,(산하 안전센터 없음),,
양남119지역대,(산하 안전센터 없음),,
양덕원119안전센터,(산하 안전센터 없음),,
양도119지역대,(산하 안전센터 없음),,
양동119지역대,(산하 안전센터 없음),,
양동119지역대,(산하 안전센터 없음),,
양봉119안전센터,(산하 안전센터 없음),,
양사119지역대,(산하 안전센터 없음),,
양산소방서,물금119안전센터,경상남도 양산시 물금읍 황산로 719,
양산소방서,상북119안전센터,경상남도 양산시 석계로 37,
양산소방서,웅상119안전센터,경상남도 양산시 웅상대로 1120,
양산소방서,중부119안전센터,경상남도 양산시 양산역6길 27,
양산소방서,중앙119안전센터,경상남도 양산시 신기로 13,
양산소방서,평산119안전센터,경상남도 양산시 내연4길 9,
양산소방서,하북119안전센터,전라북도 정읍시 서부산업도로 507-5,
양산소방서,하북119안전센터,경상남도 양산시 하북면 양산대로 2255-38,
양서119안전센터,(산하 안전센터 없음),,
양성119지역대,(산하 안전센터 없음),,
양양119안전센터,(산하 안전센터 없음),,
양양소방서,강현119안전센터,강원도 양양군 강현면 장산1길 26,
양양소방서,양양119안전센터,강원도 양양군 양양읍 남대천로 33,
양양소방서,하조대119안전센터,강원도 양양군 현북면 동해대로 1155-33,
양양항공대,(산하 안전센터 없음),,
양재119안전센터,(산하 안전센터 없음),,
양정119안전센터,(산하 안전센터 없음),,
양주소방서,고읍119안전센터,경기도 양주시 고덕로 266,
양주소방서,광적119안전센터,경기도 양주시 광적면 광적로 55,
양주소방서,남면119안전센터,경기도 양주시 남면 삼육사로 247,
양주소방서,백석119안전센터,경기도 고양시 일산동구 장백로 78,
양주소방서,백석119안전센터,경기도 양주시 꿈나무로 156,
양주소방서,옥정119안전센터,경기도 양주시 옥정로 8길 52,
양주소방서,회천119안전센터,경기도 양주시 화합로 1272,
양지119안전센터,(산하 안전센터 없음),,
양천119안전센터,(산하 안전센터 없음),,
양천소방서,신트리119안전센터,서울특별시 양천구 신정로 238 (신정동),
양천소방서,양천119안전센터,서울특별시 양천구 목동서로 180 (목동),
양촌119안전센터,(산하 안전센터 없음),,
양촌119지역대,(산하 안전센터 없음),,
양평소방서,강상119안전센터,경기도 양평군 강상면 송학길 54,
양평소방서,공흥119안전센터,경기도 양평군 양평읍 경강로 2047,
양평소방서,양서119안전센터,경기도 양평군 양서면 두물머리길 43,
양평소방서,용문119안전센터,경기도 양평군 용문면 연수로 64,
양평수난구조대,(산하 안전센터 없음),,
어상천119지역대,(산하 안전센터 없음),,
어진119안전센터,(산하 안전센터 없음),,
언양119안전센터,(산하 안전센터 없음),,
엄사119안전센터,(산하 안전센터 없음),,
여량119지역대,(산하 안전센터 없음),,
여산119지역대,(산하 안전센터 없음),,
여서119안전센터,(산하 안전센터 없음),,
여수소방서,돌산119안전센터,전라남도 여수시 돌산읍 강남로 34,
여수소방서,봉산119안전센터,전라남도 여수시 어항단지로 222-5,
여수소방서,소라119안전센터,전라남도 여수시 소라면 여순로 297,
여수소방서,소방정대,전라남도 여수시 덕충안길 95,
여수소방서,여서119안전센터,전라남도 여수시 문수로 131,
여수소방서,연등119안전센터,전라남도 여수시 좌수영로 162,
여수소방서,평여119안전센터,전라남도 여수시 여수산단로 321,
여수소방서,학동119안전센터,전라남도 여수시 망마로 20,
여월119안전센터,(산하 안전센터 없음),,
여의도119안전센터,(산하 안전센터 없음),,
여의도수난구조대,(산하 안전센터 없음),,
여주소방서,가남119안전센터,경기도 여주시 가남읍 일신로 32,
여주소방서,북내119안전센터,경기도 여주시 북내면 도예로 440,
여주소방서,월송119안전센터,경기도 여주시 우암로 110,
여천119안전센터,(산하 안전센터 없음),,
역북119안전센터,(산하 안전센터 없음),,
역삼119안전센터,(산하 안전센터 없음),,
역촌119안전센터,(산하 안전센터 없음),,
연건119안전센터,(산하 안전센터 없음),,
연기119지역대,(산하 안전센터 없음),,
연동119안전센터,(산하 안전센터 없음),,
연등119안전센터,(산하 안전센터 없음),,
연무119안전센터,(산하 안전센터 없음),,
연산119안전센터,(산하 안전센터 없음),,
연산119안전센터,(산하 안전센터 없음),,
연산119안전센터,(산하 안전센터 없음),,
연서119안전센터,(산하 안전센터 없음),,
연성119안전센터,(산하 안전센터 없음),,
연수119안전센터,(산하 안전센터 없음),,
연안119안전센터,(산하 안전센터 없음),,
연일119안전센터,(산하 안전센터 없음),,
연천119안전센터,(산하 안전센터 없음),,
연천소방서,백학119안전센터,경기도 연천군 백학면 백학산단길 16,
연천소방서,연천119안전센터,경기도 연천군 연천읍 차현로 92,
연천소방서,은대119안전센터,경기도 연천군 전곡읍 평화로 892,
연천소방서,전곡119안전센터,경기도 연천군 전곡읍 전곡로 27,
연초119안전센터,(산하 안전센터 없음),,
연평119지역대,(산하 안전센터 없음),,
연풍119지역대,(산하 안전센터 없음),,
연향119안전센터,(산하 안전센터 없음),,
연희119안전센터,(산하 안전센터 없음),,
연희119안전센터,(산하 안전센터 없음),,
염리119안전센터,(산하 안전센터 없음),,
염산119지역대,(산하 안전센터 없음),,
염주119안전센터,(산하 안전센터 없음),,
염포119안전센터,(산하 안전센터 없음),,
영광119안전센터,(산하 안전센터 없음),,
영광소방서,영광119안전센터,전라남도 영광군 영광읍 함영로 3508,
영광소방서,홍농119안전센터,전라남도 영광군 홍농읍 홍농로 543,
영귀미119지역대,(산하 안전센터 없음),,
영덕119안전센터,(산하 안전센터 없음),,
영덕소방서,강구119안전센터,경상북도 영덕군 강구면 강산로 38,
영덕소방서,영덕119안전센터,경상북도 영덕군 영덕읍 경동로 8401,
영덕소방서,영해119안전센터,경상북도 영덕군 영해면 창수영해로 481,
영동119안전센터,(산하 안전센터 없음),,
영동119안전센터,(산하 안전센터 없음),,
영동소방서,영동119안전센터,서울특별시 강남구 도산대로 320 (논현동),
영동소방서,영동119안전센터,충청북도 영동군 영동읍 영동황간로 174,
영동소방서,학산119안전센터,충청북도 영동군 학산면 서산로 92,
영동소방서,황간119안전센터,충청북도 영동군 황간면 황간로 132,
영등포119안전센터,(산하 안전센터 없음),,
영등포소방서,당산119안전센터,서울특별시 영등포구 양평로 70-1 (당산동6가),
영등포소방서,대림119안전센터,서울특별시 영등포구 도림로 212 (신길동),
영등포소방서,여의도119안전센터,서울특별시 영등포구 의사당대로 162 (여의도동),
영등포소방서,영등포119안전센터,서울특별시 영등포구 문래로 197 (영등포동4가),
영랑119안전센터,(산하 안전센터 없음),,
영북119안전센터,(산하 안전센터 없음),,
영산119안전센터,(산하 안전센터 없음),,
영선119안전센터,(산하 안전센터 없음),,
영암119안전센터,(산하 안전센터 없음),,
영암소방서,삼호119안전센터,전라남도 영암군 삼호읍 나불로 192,
영암소방서,신북119안전센터,강원도 춘천시 신북읍 신북로 35,
영암소방서,신북119안전센터,전라남도 영암군 신북면 아리랑로 52,
영암소방서,영암119안전센터,전라남도 영암군 영암읍 월출로 46,
영양119안전센터,(산하 안전센터 없음),,
영어교육도시119안전센터,(산하 안전센터 없음),,
영오119지역대,(산하 안전센터 없음),,
영운119안전센터,(산하 안전센터 없음),,
영원119안전센터,(산하 안전센터 없음),,
영월119안전센터,(산하 안전센터 없음),,
영월소방서,산솔119안전센터,강원도 영월군 산솔면 응고개길 10-17,
영월소방서,영월119안전센터,강원도 영월군 영월읍 영월로 1863,
영월소방서,주천119안전센터,강원도 영월군 주천면 송학주천로 1467-15,
영종소방서,공항119안전센터,인천광역시 중구 제2터미널대로 268 (운서동),
영종소방서,용유119안전센터,인천광역시 중구 용유서로128번길 1 (을왕동),
영종소방서,운남119안전센터,인천광역시 중구 운남로 116 (운남동),
영종소방서,운서119안전센터,인천광역시 중구 흰바위로 27번길 16 (운서동),
영주소방서,가흥119안전센터,경상북도 영주시 선비로 181,
영주소방서,문수119안전센터,경상북도 영주시 문수면 적서로448번길 17,
영주소방서,풍기119안전센터,경상북도 영주시 풍기읍 기주로 159,
영중119안전센터,(산하 안전센터 없음),,
영천소방서,금호119안전센터,서울특별시 성동구 난계로 19 (금호동1가),
영천소방서,금호119안전센터,경상북도 영천시 금호읍 오계공단길 5,
영천소방서,남부119안전센터,경상북도 영천시 한방로 176(작산동),
영천소방서,동부119안전센터,경상북도 영천시 호국로 187(조교동),
영천소방서,신녕119안전센터,경상북도 영천시 신녕면 어릿골길 11,
영춘119지역대,(산하 안전센터 없음),,
영통119안전센터,(산하 안전센터 없음),,
영해119안전센터,(산하 안전센터 없음),,
영흥119안전센터,(산하 안전센터 없음),,
예당119지역대,(산하 안전센터 없음),,
예산소방서,금오119안전센터,충청남도 예산군 예산읍 예당관광로 760,
예산소방서,덕산119안전센터,충청남도 예산군 덕산면 도청대로 1160,
예산소방서,삽교119안전센터,충청남도 예산군 삽교읍 삽교로1길 34,
예산소방서,오가119안전센터,충청남도 예산군 오가면 오가중앙로 111,
예천119구조구급센터,(산하 안전센터 없음),,
예천119안전센터,(산하 안전센터 없음),,
예천119안전센터,(산하 안전센터 없음),,
예천소방서,도청119안전센터,경상북도 예천군 호명읍 도청대로 19,
예천소방서,예천119안전센터,충청남도 서산시 호수공원 14로 26-4,
예천소방서,예천119안전센터,경상북도 예천군 예천읍 양궁로 61-12,
예천소방서,지보119안전센터,경상북도 예천군 지보면 지보로 247,
오가119안전센터,(산하 안전센터 없음),,
오금119안전센터,(산하 안전센터 없음),,
오남119안전센터,(산하 안전센터 없음),,
오라119안전센터,(산하 안전센터 없음),,
오산소방서,세교119안전센터,경기도 오산시 문헌공로 30,
오산소방서,원동119안전센터,경기도 오산시 경기대로 99,
오산소방서,청학119안전센터,경기도 오산시 청학로 55-6,
오성119지역대,(산하 안전센터 없음),,
오송119안전센터,(산하 안전센터 없음),,
오수119지역대,(산하 안전센터 없음),,
오정119안전센터,(산하 안전센터 없음),,
오창119안전센터,(산하 안전센터 없음),,
오천119안전센터,(산하 안전센터 없음),,
오천119안전센터,(산하 안전센터 없음),,
오포119안전센터,(산하 안전센터 없음),,
옥계119안전센터,(산하 안전센터 없음),,
옥계119안전센터,(산하 안전센터 없음),,
옥곡119지역대,(산하 안전센터 없음),,
옥과119안전센터,(산하 안전센터 없음),,
옥구119지역대,(산하 안전센터 없음),,
옥동119안전센터,(산하 안전센터 없음),,
옥동119안전센터,(산하 안전센터 없음),,
옥련119안전센터,(산하 안전센터 없음),,
옥룡119지역대,(산하 안전센터 없음),,
옥산119지역대,(산하 안전센터 없음),,
옥서119지역대,(산하 안전센터 없음),,
옥암119안전센터,(산하 안전센터 없음),,
옥정119안전센터,(산하 안전센터 없음),,
옥종119지역대,(산하 안전센터 없음),,
옥천119구조대,(산하 안전센터 없음),,
옥천119안전센터,(산하 안전센터 없음),,
옥천119안전센터,(산하 안전센터 없음),,
옥천119지역대,(산하 안전센터 없음),,
옥천소방서,옥천119구조대,충청북도 옥천군 옥천읍 중앙로 132 (문정리),
옥천소방서,옥천119안전센터,강원도 강릉시 용지로 139(옥천동),
옥천소방서,옥천119안전센터,충청북도 옥천군 옥천읍 중앙로 132 (문정리),
옥천소방서,청산119안전센터,충청북도 옥천군 청산면 남부로 2306 (하서리),
옥포119안전센터,(산하 안전센터 없음),,
옥포119안전센터,(산하 안전센터 없음),,
옥포119안전센터,(산하 안전센터 없음),,
온산119안전센터,(산하 안전센터 없음),,
온산소방서,온산119안전센터,울산광역시 울주군 온산읍 덕신로 232,
온산소방서,온양119안전센터,울산광역시 울주군 온양읍 온양로 74,
온산소방서,웅촌119안전센터,울산광역시 울주군 웅촌면 곡천검단로 9,
온양119안전센터,(산하 안전센터 없음),,
온정119안전센터,(산하 안전센터 없음),,
온천119안전센터,(산하 안전센터 없음),,
와부119안전센터,(산하 안전센터 없음),,
완도119안전센터,(산하 안전센터 없음),,
완도소방서,고금119안전센터,전라남도 완도군 고금면 고금동로 266,
완도소방서,완도119안전센터,전라남도 완도군 완도읍 농공단지길 7,
완주소방서,고산119안전센터,전라북도 완주군 고산면 고산로 49,
완주소방서,봉동119안전센터,전라북도 완주군 삼례읍 삼봉로 518,
완주소방서,삼례119안전센터,전라북도 완주군 삼례읍 삼례역로 27,
완주소방서,혁신119안전센터,강원도 원주시 동부순환로 201(반곡동),
완주소방서,혁신119안전센터,전라북도 완주군 이서면 지사제2로 12,
왕곡119지역대,(산하 안전센터 없음),,
왕궁119지역대,(산하 안전센터 없음),,
왕십리119안전센터,(산하 안전센터 없음),,
왕조119안전센터,(산하 안전센터 없음),,
왕징119지역대,(산하 안전센터 없음),,
왜관119안전센터,(산하 안전센터 없음),,
외도119안전센터,(산하 안전센터 없음),,
외동119안전센터,(산하 안전센터 없음),,
외동119안전센터,(산하 안전센터 없음),,
외산119안전센터,(산하 안전센터 없음),,
욕지119지역대,(산하 안전센터 없음),,
용궁119지역대,(산하 안전센터 없음),,
용당119안전센터,(산하 안전센터 없음),,
용동119지역대,(산하 안전센터 없음),,
용두119안전센터,(산하 안전센터 없음),,
용문119안전센터,(산하 안전센터 없음),,
용문119지역대,(산하 안전센터 없음),,
용산119안전센터,(산하 안전센터 없음),,
용산119지역대,(산하 안전센터 없음),,
용산119지역대,(산하 안전센터 없음),,
용산소방서,서빙고119안전센터,서울특별시 용산구 서빙고로67길 7 (서빙고동),
용산소방서,이촌119안전센터,서울특별시 용산구 이촌로2가길 1 (이촌동),
용산소방서,이태원119안전센터,서울특별시 용산구 이태원로 196 (이태원동),
용산소방서,한강로119안전센터,서울특별시 용산구 한강대로 167 (한강로2가),
용산소방서,후암119안전센터,서울특별시 용산구 후암로 34 (후암동),
용상119안전센터,(산하 안전센터 없음),,
용성119지역대,(산하 안전센터 없음),,
용운119안전센터,(산하 안전센터 없음),,
용원119안전센터,(산하 안전센터 없음),,
용유119안전센터,(산하 안전센터 없음),,
용인소방서,구갈119안전센터,경기도 용인시 기흥구 신구로 74,
용인소방서,기흥119안전센터,경기도 용인시 기흥구 한보라1로 128,
용인소방서,남사119안전센터,경기도 용인시 처인구 남사읍 봉무로 13,
용인소방서,동백119안전센터,경기도 용인시 기흥구 동백6로 33,
용인소방서,모현119안전센터,경기도 용인시 처인구 모현읍 독점로 31-12,
용인소방서,백암119안전센터,경기도 용인시 처인구 백암면 백암로 247,
용인소방서,보정119안전센터,경기도 용인시 기흥구 보정로114번길 2,
용인소방서,성복119안전센터,경기도 용인시 수지구 성복1로 251 (성복동),
용인소방서,수지119안전센터,경기도 용인시 수지구 풍덕천로 177,
용인소방서,양지119안전센터,경기도 용인시 처인구 양지면 남평로 46,
용인소방서,역북119안전센터,경기도 용인시 처인구 명지로 45,
용인소방서,포곡119안전센터,경기도 용인시 처인구 포곡읍 포곡로 252,
용평119지역대,(산하 안전센터 없음),,
용현119안전센터,(산하 안전센터 없음),,
용황119안전센터,(산하 안전센터 없음),,
우도119지역대,(산하 안전센터 없음),,
우동119안전센터,(산하 안전센터 없음),,
우면119안전센터,(산하 안전센터 없음),,
우산119안전센터,(산하 안전센터 없음),,
우산119안전센터,(산하 안전센터 없음),,
우성119지역대,(산하 안전센터 없음),,
우이119안전센터,(산하 안전센터 없음),,
우천119안전센터,(산하 안전센터 없음),,
운곡119지역대,(산하 안전센터 없음),,
운남119안전센터,(산하 안전센터 없음),,
운남119지역대,(산하 안전센터 없음),,
운봉119지역대,(산하 안전센터 없음),,
운산119지역대,(산하 안전센터 없음),,
운서119안전센터,(산하 안전센터 없음),,
운정119안전센터,(산하 안전센터 없음),,
운주119지역대,(산하 안전센터 없음),,
울릉119안전센터,(산하 안전센터 없음),,
울산안전체험관,(산하 안전센터 없음),,
울주소방서,공단119안전센터,울산광역시 남구 사평로 161 (부곡동),
울주소방서,두서119안전센터,울산광역시 울주군 두서면 인보로 85,
울주소방서,매곡119안전센터,울산광역시 북구 오토밸리로 1024 (매곡동),
울주소방서,범서119안전센터,울산광역시 울주군 범서읍 구영앞길 99,
울주소방서,송정119안전센터,울산광역시 북구 화동로 178,
울주소방서,언양119안전센터,울산광역시 울주군 삼남읍 도호길 72-37,
울주소방서,옥동119안전센터,울산광역시 남구 대공원입구로 21번길20 (옥동),
울진119안전센터,(산하 안전센터 없음),,
울진소방서,북면119안전센터,경상북도 울진군 북면 장터길 69,
울진소방서,온정119안전센터,경상북도 울진군 온정면 백암온천로 1315,
울진소방서,울진119안전센터,경상북도 울진군 울진읍 울진북로 508,
울진소방서,죽변119안전센터,경상북도 울진군 죽변면 하죽로 1841,
울진소방서,후포119안전센터,경상북도 울진군 후포면 실배길 28-1,
웅남119안전센터,(산하 안전센터 없음),,
웅동119안전센터,(산하 안전센터 없음),,
웅상119안전센터,(산하 안전센터 없음),,
웅양119지역대,(산하 안전센터 없음),,
웅진119안전센터,(산하 안전센터 없음),,
웅천119안전센터,(산하 안전센터 없음),,
웅촌119안전센터,(산하 안전센터 없음),,
원곡119안전센터,(산하 안전센터 없음),,
원내119안전센터,(산하 안전센터 없음),,
원당119안전센터,(산하 안전센터 없음),,
원당119안전센터,(산하 안전센터 없음),,
원덕119안전센터,(산하 안전센터 없음),,
원동119안전센터,(산하 안전센터 없음),,
원동119안전센터,(산하 안전센터 없음),,
원동119지역대,(산하 안전센터 없음),,
원리119지역대,(산하 안전센터 없음),,
원북119안전센터,(산하 안전센터 없음),,
원삼119지역대,(산하 안전센터 없음),,
원시119안전센터,(산하 안전센터 없음),,
원종119안전센터,(산하 안전센터 없음),,
원주소방서,기업119안전센터,강원특별자치도 원주시 지정면 기업도시로 220,
원주소방서,단구119안전센터,강원도 원주시 강변로 255,
원주소방서,명륜119안전센터,강원특별자치도 원주시 남원로 467 (명륜동),
원주소방서,문막119안전센터,강원도 원주시 문막읍 문막시장1길 90,
원주소방서,신림119안전센터,강원도 원주시 신림면 치악로 27,
원주소방서,우산119안전센터,강원도 원주시 우산공단길 9,
원주소방서,태장119안전센터,강원도 원주시 태장공단길 4,
원주소방서,학성119안전센터,강원도 원주시 학성길 122,
원주소방서,흥업119안전센터,강원도 원주시 흥업면 북원로 1569-81,
원창119안전센터,(산하 안전센터 없음),,
원천119안전센터,(산하 안전센터 없음),,
원통119안전센터,(산하 안전센터 없음),,
원평119안전센터,(산하 안전센터 없음),,
월계119안전센터,(산하 안전센터 없음),,
월곡119안전센터,(산하 안전센터 없음),,
월곶119지역대,(산하 안전센터 없음),,
월롱119안전센터,(산하 안전센터 없음),,
월산119안전센터,(산하 안전센터 없음),,
월성119안전센터,(산하 안전센터 없음),,
월송119안전센터,(산하 안전센터 없음),,
월야119지역대,(산하 안전센터 없음),,
월평119안전센터,(산하 안전센터 없음),,
월피119안전센터,(산하 안전센터 없음),,
위례119안전센터,(산하 안전센터 없음),,
위천119안전센터,(산하 안전센터 없음),,
유곡119안전센터,(산하 안전센터 없음),,
유구119안전센터,(산하 안전센터 없음),,
유성소방서,궁동119안전센터,대전광역시 유성구 궁동로 35,
유성소방서,노은119안전센터,대전광역시 유성구 노은로 101,
유성소방서,도룡119안전센터,대전광역시 유성구 대덕대로 516,
유성소방서,전민119안전센터,대전광역시 유성구 엑스포로 486-11,
유천119안전센터,(산하 안전센터 없음),,
유치119지역대,(산하 안전센터 없음),,
율면119지역대,(산하 안전센터 없음),,
율하119구조대,(산하 안전센터 없음),,
율하119안전센터,(산하 안전센터 없음),,
율하119안전센터,(산하 안전센터 없음),,
은대119안전센터,(산하 안전센터 없음),,
은척119지역대,(산하 안전센터 없음),,
은평소방서,녹번119안전센터,서울특별시 은평구 은평로 245 (녹번동),
은평소방서,수색119안전센터,서울특별시 은평구 수색로 320 (수색동),
은평소방서,역촌119안전센터,서울특별시 은평구 갈현로 80 (역촌동),
은평소방서,진관119안전센터,서울특별시 은평구 통일로 962 (진관동),
은행119안전센터,(산하 안전센터 없음),,
은현119지역대,(산하 안전센터 없음),,
을지로119안전센터,(산하 안전센터 없음),,
음봉119지역대,(산하 안전센터 없음),,
음성119안전센터,(산하 안전센터 없음),,
음성소방서,감곡119안전센터,충북 음성군 감곡면 음성로 2652,
음성소방서,금왕119안전센터,충북 음성군 금왕읍 응천서길 11,
음성소방서,대소119안전센터,충북 음성군 대소면 오산로 74,
음성소방서,삼성119안전센터,서울특별시 강남구 테헤란로 629 (삼성동),
음성소방서,삼성119안전센터,충청북도 음성군 삼성면 금일로 831,
음성소방서,음성119안전센터,충청북도 음성군 음성읍 음성로 122 (신천리),
음성소방서,중앙119안전센터,충청북도 음성군 금왕읍 응천서길 11 (무극리),
음암119지역대,(산하 안전센터 없음),,
읍내119안전센터,(산하 안전센터 없음),,
의령119안전센터,(산하 안전센터 없음),,
의령소방서,부림119안전센터,경상남도 의령군 부림면 대한로 1666,
의령소방서,의령119안전센터,경상남도 의령군 의령읍 의병로 108-17,
의림지119안센터,(산하 안전센터 없음),,
의성119안전센터,(산하 안전센터 없음),,
의성소방서,군위119안전센터,대구광역시 군위군 군위읍 군위공단길 65,
의성소방서,봉양119안전센터,충청북도 제천시 봉양읍 북부로 1433 (장평리),
의성소방서,봉양119안전센터,경상북도 의성군 봉양면 경북대로 4741,
의성소방서,안계119안전센터,경상북도 의성군 안계면 안계길 100,
의성소방서,의성119안전센터,경상북도 의성군 의성읍 홍술로 187,
의성소방서,의흥119안전센터,대구광역시 군위군 의흥면 읍내길 23,
의신119지역대,(산하 안전센터 없음),,
의왕소방서,고천119안전센터,경기도 의왕시 오봉로 9,
의왕소방서,백운119안전센터,경기도 의왕시 안양판교로 187,
의정부소방서,금오119안전센터,경기도 의정부시 금오로23번길 22-40,
의정부소방서,녹양119안전센터,경기도 의정부시 체육로 248,
의정부소방서,송산119안전센터,경기도 의정부시 충의로 90,
의정부소방서,호원119안전센터,경기도 의정부시 평화로 322번길 7,
의정부소방서,흥선119안전센터,경기도 의정부시 의정로 48,
의창소방서,대산119안전센터,충청남도 서산시 대산읍 망일산로 831-15,
의창소방서,동읍119안전센터,경상남도 창원시 의창구 동읍 동읍로71번길 14-14,
의창소방서,봉곡119안전센터,경상북도 구미시 봉곡동로 48,
의창소방서,북면119안전센터,경상남도 창원시 의창구 북면 감계로 110번길 54-36,
의창소방서,소답119안전센터,경상남도 창원시 의창구 의안로44번길 5,
의창소방서,팔룡119안전센터,경상남도 창원시 의창구 창원대로204번길 15,
의흥119안전센터,(산하 안전센터 없음),,
이도119안전센터,(산하 안전센터 없음),,
이동119안전센터,(산하 안전센터 없음),,
이동119안전센터,(산하 안전센터 없음),,
이동119지역대,(산하 안전센터 없음),,
이방119지역대,(산하 안전센터 없음),,
이양119지역대,(산하 안전센터 없음),,
이원119지역대,(산하 안전센터 없음),,
이월119지역대,(산하 안전센터 없음),,
이의119안전센터,(산하 안전센터 없음),,
이인119지역대,(산하 안전센터 없음),,
이창119안전센터,(산하 안전센터 없음),,
이천소방서,관고119안전센터,경기도 이천시 경충대로 2739,
이천소방서,대월119안전센터,경기도 이천시 경충대로 1973,
이천소방서,마장119안전센터,경기도 이천시 마장면 중앙로 87,
이천소방서,장호원119안전센터,경기도 이천시 서동대로8829번길 71,
이촌119안전센터,(산하 안전센터 없음),,
이태원119안전센터,(산하 안전센터 없음),,
이현119안전센터,(산하 안전센터 없음),,
익산소방서,금마119안전센터,전라북도 익산시 금마면 미륵사지로 130,
익산소방서,모현119안전센터,전라북도 익산시 배산로 181,
익산소방서,신동119안전센터,강원도 정선군 신동읍 의림로 342,
익산소방서,신동119안전센터,전라북도 익산시 인북로 397,
익산소방서,인화119안전센터,전라북도 익산시 목천로 301,
익산소방서,팔봉119안전센터,강원도 홍천군 서면 팔봉산로 523,
익산소방서,팔봉119안전센터,전라북도 익산시 무왕로 1338,
익산소방서,함열119안전센터,전라북도 익산시 함열읍 함열중앙로 133,
인동119안전센터,(산하 안전센터 없음),,
인월119안전센터,(산하 안전센터 없음),,
인제119안전센터,(산하 안전센터 없음),,
인제소방서,기린119안전센터,강원도 인제군 기린면 대내로 34-14,
인제소방서,원통119안전센터,강원도 인제군 북면 원통로 301,
인제소방서,인제119안전센터,강원도 인제군 인제읍 비봉로 44번길 71,
인주119안전센터,(산하 안전센터 없음),,
인창119안전센터,(산하 안전센터 없음),,
인천소방학교,(산하 안전센터 없음),,
인화119안전센터,(산하 안전센터 없음),,
일곡119안전센터,(산하 안전센터 없음),,
일광119안전센터,(산하 안전센터 없음),,
일동119안전센터,(산하 안전센터 없음),,
일로119안전센터,(산하 안전센터 없음),,
일산소방서,고봉119안전센터,경기도 고양시 일산동구 성현로 429,
일산소방서,문화119안전센터,경기도 고양시 일산동구 태극로 7,
일산소방서,주엽119안전센터,경기도 고양시 일산서구 주화로 82,
일산소방서,풍동119안전센터,경기도 고양시 일산동구 숲속마을로 10,
일월119안전센터,(산하 안전센터 없음),,
일죽119지역대,(산하 안전센터 없음),,
일직119지역대,(산하 안전센터 없음),,
임계119안전센터,(산하 안전센터 없음),,
임동119안전센터,(산하 안전센터 없음),,
임실119안전센터,(산하 안전센터 없음),,
임원119지역대,(산하 안전센터 없음),,
임자119지역대,(산하 안전센터 없음),,
임천119안전센터,(산하 안전센터 없음),,
임회119안전센터,(산하 안전센터 없음),,
입면119지역대,(산하 안전센터 없음),,
입암119안전센터,(산하 안전센터 없음),,
입암119지역대,(산하 안전센터 없음),,
입장119안전센터,(산하 안전센터 없음),,
자등119지역대,(산하 안전센터 없음),,
자월119지역대,(산하 안전센터 없음),,
자인119안전센터,(산하 안전센터 없음),,
작전119안전센터,(산하 안전센터 없음),,
작천119지역대,(산하 안전센터 없음),,
잠실119안전센터,(산하 안전센터 없음),,
잠원119안전센터,(산하 안전센터 없음),,
장계119안전센터,(산하 안전센터 없음),,
장곡119지역대,(산하 안전센터 없음),,
장군119안전센터,(산하 안전센터 없음),,
장기119안전센터,(산하 안전센터 없음),,
장기119지역대,(산하 안전센터 없음),,
장동119지역대,(산하 안전센터 없음),,
장량119안전센터,(산하 안전센터 없음),,
장봉119지역대,(산하 안전센터 없음),,
장생포119안전센터,(산하 안전센터 없음),,
장성119안전센터,(산하 안전센터 없음),,
장성119안전센터,(산하 안전센터 없음),,
장성소방서,삼계119안전센터,전라남도 장성군 삼계면 영장로 1632,
장성소방서,장성119안전센터,강원도 태백시 석공길 16-9,
장성소방서,장성119안전센터,전라남도 장성군 장성읍 단풍로 204,
장수119안전센터,(산하 안전센터 없음),,
장수소방서,구천동119안전센터,전라북도 무주군 설천면 구천동1로 54,
장수소방서,무주119안전센터,전라북도 무주군 무주읍 당산강변로 126,
장수소방서,장계119안전센터,전라북도 장수군 장계면 육십령로 136,
장수소방서,장수119안전센터,전라북도 장수군 장수읍 호비로 42,
장승포119안전센터,(산하 안전센터 없음),,
장안119안전센터,(산하 안전센터 없음),,
장안119안전센터,(산하 안전센터 없음),,
장안119안전센터,(산하 안전센터 없음),,
장연119지역대,(산하 안전센터 없음),,
장위119안전센터,(산하 안전센터 없음),,
장유119안전센터,(산하 안전센터 없음),,
장재119안전센터,(산하 안전센터 없음),,
장평119지역대,(산하 안전센터 없음),,
장평119지역대,(산하 안전센터 없음),,
장항119안전센터,(산하 안전센터 없음),,
장항119안전센터,(산하 안전센터 없음),,
장호원119안전센터,(산하 안전센터 없음),,
장흥119안전센터,(산하 안전센터 없음),,
장흥119안전센터,(산하 안전센터 없음),,
장흥소방서,장흥119안전센터,경기도 양주시 장흥면 일영로 794,
장흥소방서,장흥119안전센터,전라남도 장흥군 장흥읍 북부로 140,
장흥소방서,정남진119안전센터,전라남도 장흥군 관산읍 관산우회로 103,
재산119지역대,(산하 안전센터 없음),,
저전119안전센터,(산하 안전센터 없음),,
적성119안전센터,(산하 안전센터 없음),,
전곡119안전센터,(산하 안전센터 없음),,
전농119안전센터,(산하 안전센터 없음),,
전동119지역대,(산하 안전센터 없음),,
전미119안전센터,(산하 안전센터 없음),,
전민119안전센터,(산하 안전센터 없음),,
전의119안전센터,(산하 안전센터 없음),,
전주덕진소방서,금암119안전센터,전라북도 전주시 덕진구 백제대로 611,
전주덕진소방서,아중119안전센터,전라북도 전주시 덕진구 진버들4길 16,
전주덕진소방서,전미119안전센터,전라북도 전주시 덕진구 과학로 144,
전주덕진소방서,팔복119안전센터,전라북도 전주시 덕진구 온고을로 430,
전주완산소방서,노송119안전센터,전라북도 전주시 완산구 관선4길 38,
전주완산소방서,서부119안전센터,충청남도 천안시 서북구 양지18길 22,
전주완산소방서,서부119안전센터,전라북도 전주시 완산구 우전로 228,
전주완산소방서,임실119안전센터,전라북도 임실군 임실읍 감천로 33,
전주완산소방서,평화119안전센터,전라북도 전주시 완산구 평화로 105,
전하119안전센터,(산하 안전센터 없음),,
점곡119지역대,(산하 안전센터 없음),,
점동119지역대,(산하 안전센터 없음),,
점촌119안전센터,(산하 안전센터 없음),,
정관119안전센터,(산하 안전센터 없음),,
정남119안전센터,(산하 안전센터 없음),,
정남진119안전센터,(산하 안전센터 없음),,
정동119지역대,(산하 안전센터 없음),,
정산119안전센터,(산하 안전센터 없음),,
정서진119수난구조대,(산하 안전센터 없음),,
정선소방서,고한119안전센터,강원도 정선군 고한읍 강원남로 6455,
정선소방서,사북119안전센터,강원도 정선군 사북읍 하이원길 29,
정선소방서,임계119안전센터,강원도 정선군 임계면 송계4길 9,
정선소방서,조양119안전센터,강원도 정선군 정선읍 녹송로 27,
정안119안전센터,(산하 안전센터 없음),,
정왕119안전센터,(산하 안전센터 없음),,
정읍소방서,시기119안전센터,전라북도 정읍시 정읍남로 1421,
정읍소방서,신태인119안전센터,전라북도 정읍시 신태인읍 정신로 1241,
정읍소방서,영원119안전센터,전라북도 정읍시 영원면 영원로 1048,
정읍소방서,칠보119안전센터,전라북도 정읍시 칠보면 태산로 2165,
정자119안전센터,(산하 안전센터 없음),,
정촌119안전센터,(산하 안전센터 없음),,
제1소방정대,(산하 안전센터 없음),,
제2 119구급대,(산하 안전센터 없음),,
제2 119구조대,(산하 안전센터 없음),,
제2소방정대,(산하 안전센터 없음),,
제부119지역대,(산하 안전센터 없음),,
제원119지역대,(산하 안전센터 없음),,
제주소방서,노형119안전센터,제주특별자치도 제주시 광평동로 2,
제주소방서,삼도119안전센터,제주특별자치도 제주시 탑동로 101,
제주소방서,아라119안전센터,제주특별자치도 제주시 사송길 116,
제주소방서,연동119안전센터,제주특별자치도 제주시 문송길 14,
제주소방서,오라119안전센터,제주특별자치도 제주시 서광로2길 24,
제주소방서,외도119안전센터,제주특별자치도 제주시 통물길 75,
제주소방서,이도119안전센터,제주특별자치도 제주시 중앙로 342(이도이동),
제주소방서,항만119안전센터,전라북도 군산시 외항로 436,
제주소방서,화북119안전센터,제주특별자치도 제주시 동화로1길 3,
제천소방서,중앙119안전센터,충청북도 제천시 신죽하로 164 (모산동),
제천소방서,화산119안전센터,울산광역시 울주군 온산읍 공단로 417,
제천소방서,화산119안전센터,충청북도 제천시 강명길 17(강제동),
제철119안전센터,(산하 안전센터 없음),,
조도119지역대,(산하 안전센터 없음),,
조성119지역대,(산하 안전센터 없음),,
조안119지역대,(산하 안전센터 없음),,
조양119안전센터,(산하 안전센터 없음),,
조종119안전센터,(산하 안전센터 없음),,
조천119안전센터,(산하 안전센터 없음),,
조치원119안전센터,(산하 안전센터 없음),,
조치원소방서,부강119안전센터,세종특별자치시 부강면 청연로 7 (부강리),
조치원소방서,연서119안전센터,세종특별자치시 연서면 도신고복로 306,
조치원소방서,전의119안전센터,세종특별자치시 전의면 서정길 46-6 (서정리),
조치원소방서,조치원119안전센터,세종특별자치시 조치원읍 세종로 2439,
종로119안전센터,(산하 안전센터 없음),,
종로소방서,세종로119안전센터,서울특별시 종로구 율곡로 78(운니동),
종로소방서,숭인119안전센터,서울특별시 종로구 숭인동길 63 (숭인동),
종로소방서,신교119안전센터,서울특별시 종로구 자하문로 93 (신교동),
종로소방서,신영119안전센터,서울특별시 종로구 진흥로 477 (신영동),
종로소방서,연건119안전센터,서울특별시 종로구 대학로 91 (연건동),
종암119안전센터,(산하 안전센터 없음),,
종합방재센터 종합상황실,(산하 안전센터 없음),,
종합상황실,(산하 안전센터 없음),,
종합상황실,(산하 안전센터 없음),,
종합상황실,(산하 안전센터 없음),,
종합상황실,(산하 안전센터 없음),,
종합상황실,(산하 안전센터 없음),,
종합상황실,(산하 안전센터 없음),,
종합상황실,(산하 안전센터 없음),,
종합상황실,(산하 안전센터 없음),,
종합상황실,(산하 안전센터 없음),,
종합상황실,(산하 안전센터 없음),,
종합상황실,(산하 안전센터 없음),,
종합상황실,(산하 안전센터 없음),,
종합운동장119안전센터,(산하 안전센터 없음),,
좌동119안전센터,(산하 안전센터 없음),,
주덕119안전센터,(산하 안전센터 없음),,
주례119안전센터,(산하 안전센터 없음),,
주문진119안전센터,(산하 안전센터 없음),,
주안119안전센터,(산하 안전센터 없음),,
주암119지역대,(산하 안전센터 없음),,
주엽119안전센터,(산하 안전센터 없음),,
주왕산119지역대,(산하 안전센터 없음),,
주천119안전센터,(산하 안전센터 없음),,
주천119지역대,(산하 안전센터 없음),,
주촌119안전센터,(산하 안전센터 없음),,
주포119안전센터,(산하 안전센터 없음),,
죽림119안전센터,(산하 안전센터 없음),,
죽변119안전센터,(산하 안전센터 없음),,
죽산119안전센터,(산하 안전센터 없음),,
죽전119안전센터,(산하 안전센터 없음),,
죽전119안전센터,(산하 안전센터 없음),,
줄포119지역대,(산하 안전센터 없음),,
중곡119안전센터,(산하 안전센터 없음),,
중동119안전센터,(산하 안전센터 없음),,
중동119안전센터,(산하 안전센터 없음),,
중랑소방서,망우119안전센터,서울특별시 중랑구 용마산로 524 (망우동),
중랑소방서,면목119안전센터,서울특별시 중랑구 동일로 475 (면목동),
중랑소방서,신내119안전센터,서울특별시 중랑구 신내로 183 (신내동),
중랑소방서,중화119안전센터,서울특별시 중랑구 동일로 783 (중화동),
중마119안전센터,(산하 안전센터 없음),,
중문119안전센터,(산하 안전센터 없음),,
중부119안전센터,(산하 안전센터 없음),,
중부소방서,(산하 안전센터 없음),,
중부소방서,(산하 안전센터 없음),,
중부소방서,(산하 안전센터 없음),,
중부소방서,남산119안전센터,대구광역시 중구 달구벌대로 1926 (남산동),
중부소방서,만석119안전센터,인천광역시 동구 제물량로 396 (만석동),
중부소방서,명덕119안전센터,대구광역시 남구 명덕로34길 22 (대명동),
중부소방서,무학119안전센터,서울특별시 중구 퇴계로 394 (무학동),
중부소방서,백령119안전센터,인천광역시 옹진군 백령면 백령남로 30,
중부소방서,병영119안전센터,울산광역시 중구 구교로 226 (남외동),
중부소방서,봉덕119안전센터,대구광역시 남구 희망로3길 29 (봉덕1동),
중부소방서,부민119안전센터,부산광역시 서구 임시수도기념로 21-4(부민동3가),
중부소방서,삼덕119안전센터,대구광역시 중구 공평로 35 (삼덕동1가),
중부소방서,서문로119안전센터,대구광역시 중구 경상감영길 45 (서문로1가),
중부소방서,성남119안전센터,울산광역시 중구 젊음의거리 6 (성남동),
중부소방서,성명119안전센터,대구광역시 남구 대명남로 12-1 (대명동),
중부소방서,송림119안전센터,인천광역시 동구 샛골로 133 (송림동),
중부소방서,송현119안전센터,대구광역시 달서구 월배로 262 (상인동),
중부소방서,신당119안전센터,서울특별시 중구 다산로8길 2 (신당동),
중부소방서,연안119안전센터,인천광역시 중구 축항대로 118번길 114 (항동7가),
중부소방서,유곡119안전센터,울산광역시 중구 종가로 205 (유곡동),
중부소방서,을지로119안전센터,서울특별시 중구 을지로45길 43 (신당동),
중부소방서,창선119안전센터,부산광역시 중구 대청로 68-1(부평동1가),
중부소방서,초량119안전센터,부산광역시 동구 중앙대로 260번길 7(초량동),
중부소방서,충무119안전센터,부산광역시 서구 충무대로 186(남부민동),
중부소방서,충무로119안전센터,서울특별시 중구 충무로 11 (충무로3가),
중부소방서,태화119안전센터,울산광역시 중구 태화로 111 (태화동),
중부소방서,회현119안전센터,서울특별시 중구 소공로 30 (회현동2가),
중부소방서,(산하 안전센터 없음),,
중산119안전센터,(산하 안전센터 없음),,
중산119안전센터,(산하 안전센터 없음),,
중앙119안전센터,(산하 안전센터 없음),,
중앙119안전센터,(산하 안전센터 없음),,
중앙119안전센터,(산하 안전센터 없음),,
중앙119안전센터,(산하 안전센터 없음),,
중앙119안전센터,(산하 안전센터 없음),,
중앙119안전센터,(산하 안전센터 없음),,
중앙119안전센터,(산하 안전센터 없음),,
중앙119안전센터,(산하 안전센터 없음),,
중앙119안전센터,(산하 안전센터 없음),,
중앙119안전센터,(산하 안전센터 없음),,
중앙119안전센터,(산하 안전센터 없음),,
중앙119안전센터,(산하 안전센터 없음),,
중화119안전센터,(산하 안전센터 없음),,
증평119안전센터,(산하 안전센터 없음),,
증평소방서,증평119안전센터,충청북도 증평군 증평읍 충청대로 1789 (장동리),
지곡119안전센터,(산하 안전센터 없음),,
지도119안전센터,(산하 안전센터 없음),,
지례119안전센터,(산하 안전센터 없음),,
지만119안전센터,(산하 안전센터 없음),,
지보119안전센터,(산하 안전센터 없음),,
지사119안전센터,(산하 안전센터 없음),,
지산119안전센터,(산하 안전센터 없음),,
지평119지역대,(산하 안전센터 없음),,
지품119지역대,(산하 안전센터 없음),,
직산119안전센터,(산하 안전센터 없음),,
직할구조대,(산하 안전센터 없음),,
진건119안전센터,(산하 안전센터 없음),,
진관119안전센터,(산하 안전센터 없음),,
진교119안전센터,(산하 안전센터 없음),,
진도119안전센터,(산하 안전센터 없음),,
진도소방서,임회119안전센터,전라남도 진도군 임회면 십일시장길 34,
진도소방서,진도119안전센터,전라남도 진도군 진도읍 진도대로 6935,
진동119안전센터,(산하 안전센터 없음),,
진량119안전센터,(산하 안전센터 없음),,
진례119안전센터,(산하 안전센터 없음),,
진보119안전센터,(산하 안전센터 없음),,
진부119안전센터,(산하 안전센터 없음),,
진상119지역대,(산하 안전센터 없음),,
진서119지역대,(산하 안전센터 없음),,
진안119안전센터,(산하 안전센터 없음),,
진안소방서,마령119안전센터,전라북도 진안군 마령면 임진로 2077-24,
진안소방서,진안119안전센터,전라북도 진안군 진안읍 쇠징계로 9,
진영119안전센터,(산하 안전센터 없음),,
진월119지역대,(산하 안전센터 없음),,
진위119안전센터,(산하 안전센터 없음),,
진전119안전센터,(산하 안전센터 없음),,
진접119안전센터,(산하 안전센터 없음),,
진주소방서,금산119안전센터,충청남도 금산군 금산읍 삼풍로 2,
진주소방서,금산119안전센터,경상남도 진주시 금산면 송백로 477,
진주소방서,문산119안전센터,경상남도 진주시 문산읍 월아산로 979,
진주소방서,상대119안전센터,경상남도 진주시 동진로 249,
진주소방서,정촌119안전센터,경상남도 진주시 뿌리산단로 2,
진주소방서,천전119안전센터,경상남도 진주시 강남로 167번길 16,
진주소방서,평거119안전센터,경상남도 진주시 순환로 565,
진천119안전센터,(산하 안전센터 없음),,
진천소방서,광혜원119안전센터,충청북도 진천군 광혜원면 화랑길 99,
진천소방서,진천119안전센터,충청북도 진천군 진천읍 진광로 93,
차암119안전센터,(산하 안전센터 없음),,
창녕119안전센터,(산하 안전센터 없음),,
창녕소방서,남지119안전센터,경상남도 창녕군 남지읍 동포로 64,
창녕소방서,부곡119안전센터,경기도 의왕시 오봉로 289,
창녕소방서,부곡119안전센터,경상남도 창녕군 부곡면 원앙로 184,
창녕소방서,영산119안전센터,경상남도 창녕군 영산면 영산장마로 697,
창녕소방서,창녕119안전센터,경상남도 창녕군 대지면 우포2로 1097,
창동119안전센터,(산하 안전센터 없음),,
창선119안전센터,(산하 안전센터 없음),,
창수119지역대,(산하 안전센터 없음),,
창원소방본부(진해소방서),대흥119안전센터,경상남도 창원시 진해구 백구로 72,
창원소방본부(진해소방서),용원119안전센터,경상남도 창원시 진해구 용원로 43,
창원소방본부(진해소방서),웅동119안전센터,경상남도 창원시 진해구 남의로 11,
창원소방본부(진해소방서),이동119안전센터,경상남도 창원시 진해구 충장로 434,
창원소방본부(진해소방서),이동119안전센터,경기도 용인시 처인구 이동읍 백옥대로 416-2,
창원소방본부(진해소방서),풍호119안전센터,경상남도 창원시 진해구 진해대로 1101,
천곡119안전센터,(산하 안전센터 없음),,
천북119지역대,(산하 안전센터 없음),,
천안동남소방서,구성119안전센터,충청남도 천안시 동남구 천안대로 580,
천안동남소방서,독립119안전센터,충청남도 천안시 동남구 목천읍 독립기념관로 1,
천안동남소방서,병천119안전센터,충청남도 천안시 동남구 병천면 아우내순대길 78,
천안동남소방서,청당119안전센터,충청남도 천안시 동남구 청수14로 91,
천안동남소방서,풍세119안전센터,충청남도 천안시 동남구 풍세면 풍세로 89,
천안서북소방서,두정119안전센터,충청남도 천안시 서북구 1공단2길 13,
천안서북소방서,불당119안전센터,충청남도 천안시 서북구 불당23로 62,
천안서북소방서,성거119안전센터,충청남도 천안시 서북구 성거읍 천흥8길 11,
천안서북소방서,성환119안전센터,충청남도 천안시 서북구 성환읍 성환1로 395,
천안서북소방서,쌍용119안전센터,충청남도 천안시 서북구 월봉로 78,
천안서북소방서,입장119안전센터,충청남도 천안시 서북구 입장면 망향로 1107,
천안서북소방서,직산119안전센터,충청남도 천안시 서북구 직산읍 직산로 246,
천안서북소방서,차암119안전센터,충청남도 천안시 서북구 직산읍 4산단2길 32,
천전119안전센터,(산하 안전센터 없음),,
천호119안전센터,(산하 안전센터 없음),,
철암119안전센터,(산하 안전센터 없음),,
철원소방서,갈말119안전센터,강원도 철원군 갈말읍 명성로 229,
철원소방서,김화119안전센터,강원도 철원군 서면 약수로 76,
철원소방서,동송119안전센터,강원특별자치도 철원군 동송읍 금학로251번길 17,
철원소방서,태봉119안전센터,강원도 철원군 갈말읍 태봉로 1504,
첨단119안전센터,(산하 안전센터 없음),,
청계119안전센터,(산하 안전센터 없음),,
청당119안전센터,(산하 안전센터 없음),,
청도119구조구급센터,(산하 안전센터 없음),,
청도119안전센터,(산하 안전센터 없음),,
청도119안전센터,(산하 안전센터 없음),,
청도소방서,금천119안전센터,경상북도 청도군 금천면 청려로 4363,
청도소방서,금천119안전센터,경상북도 청도군 금천면 청려로 4363,
청도소방서,청도119구조구급센터,경상북도 청도군 화양읍 범곡길 11,
청도소방서,청도119안전센터,경상북도 청도군 청도읍 중앙로 192-34,
청도소방서,청도119안전센터,경상북도 청도군 화양읍 범곡길 11,
청도소방서,풍각119안전센터,경상북도 청도군 풍각면 송서로 64,
청도소방서,풍각119안전센터,경상북도 청도군 풍각면 송서로 64,
청라119안전센터,(산하 안전센터 없음),,
청라119지역대,(산하 안전센터 없음),,
청량119지역대,(산하 안전센터 없음),,
청량리119안전센터,(산하 안전센터 없음),,
청리119안전센터,(산하 안전센터 없음),,
청북119안전센터,(산하 안전센터 없음),,
청북119지역대,(산하 안전센터 없음),,
청산119안전센터,(산하 안전센터 없음),,
청산119지역대,(산하 안전센터 없음),,
청산119지역대,(산하 안전센터 없음),,
청송119안전센터,(산하 안전센터 없음),,
청송소방서,진보119안전센터,경상북도 청송군 진보면 청송로 6346,
청송소방서,청송119안전센터,경상북도 청송군 청송읍 굿바들길 19,
청안119지역대,(산하 안전센터 없음),,
청양119안전센터,(산하 안전센터 없음),,
청양소방서,정산119안전센터,충청남도 청양군 정산면 서정4길 49,
청양소방서,청양119안전센터,충청남도 청양군 청양읍 충절로 1187,
청운단월119지역대,(산하 안전센터 없음),,
청일119지역대,(산하 안전센터 없음),,
청주동부소방서,내수119안전센터,충청북도 청주시 청원구 내수읍 청암로 80 (마산리),
청주동부소방서,문의119안전센터,충청북도 청주시 상당구 문의시내1길 8 (미천리),
청주동부소방서,미원119지역대,충청북도 청주시 상당구 미원면 단재로 2472-1,
청주동부소방서,북문119안전센터,충청북도 청주시 상당구 상당로 168 (북문로2가),
청주동부소방서,사천119안전센터,충청북도 청주시 청원구 밀레니엄1로 57 (사천동),
청주동부소방서,영운119안전센터,충청북도 청주시 상당구 영운로 61 (영운동),
청주동부소방서,오창119안전센터,충청북도 청주시 청원구 오창읍 중심상업2로 30 (양청리),
청주서부소방서,가경119안전센터,충청북도 청주시 흥덕구 가경로 143,
청주서부소방서,남이119안전센터,충청북도 청주시 서원구 청남로 866,
청주서부소방서,복대119안전센터,충청북도 청주시 흥덕구 공단로 92,
청주서부소방서,사직119안전센터,충청북도 청주시 서원구 사직대로 229,
청주서부소방서,산남119안전센터,충청북도 청주시 서원구 산미로 70,
청주서부소방서,오송119안전센터,충청북도 청주시 흥덕구 오송생명3로 71-5,
청주서부소방서,옥산119지역대,충청북도 청주시 흥덕구 옥산면 옥산시내1길 43,
청천119안전센터,(산하 안전센터 없음),,
청평119지역대,(산하 안전센터 없음),,
청풍119지역대,(산하 안전센터 없음),,
청하119지역대,(산하 안전센터 없음),,
청학119안전센터,(산하 안전센터 없음),,
청학119안전센터,(산하 안전센터 없음),,
초계119안전센터,(산하 안전센터 없음),,
초량119안전센터,(산하 안전센터 없음),,
초월119안전센터,(산하 안전센터 없음),,
초전119지역대,(산하 안전센터 없음),,
추부119안전센터,(산하 안전센터 없음),,
추자119지역대,(산하 안전센터 없음),,
춘양119안전센터,(산하 안전센터 없음),,
춘천소방서,강촌119안전센터,강원도 춘천시 소주고개로 680,
춘천소방서,대룡119안전센터,강원도 춘천시 동내면 고은길 9,
춘천소방서,소양119안전센터,강원도 춘천시 가연길16번길 16,
춘천소방서,효자119안전센터,강원도 춘천시 효명길 8,
춘천소방서,후평119안전센터,강원도 춘천시 후석로 446(후평동),
충무119안전센터,(산하 안전센터 없음),,
충무로119안전센터,(산하 안전센터 없음),,
충주소방서,목행119안전센터,충청북도 충주시 목행산단7로 9,
충주소방서,서충주119안전센터,충청북도 충주시 기업도시2로 30,
충주소방서,수안보119안전센터,충청북도 충주시 수안보면 관동길 9-7,
충주소방서,앙성119안전센터,충청북도 충주시 앙성면 가곡로 1019,
충주소방서,연수119안전센터,충청북도 충주시 동수10길 1,
충주소방서,주덕119안전센터,충청북도 충주시 주덕읍 신양로 35,
충주소방서,호암119안전센터,충청북도 충주시 호암대로 13,
충주수난구조대,(산하 안전센터 없음),,
충청소방학교,(산하 안전센터 없음),,
칠곡소방서,가산119안전센터,경상북도 칠곡군 가산면 다부원1길 57,
칠곡소방서,금산119안전센터,경상북도 칠곡군 왜관읍 공단로 194,
칠곡소방서,동명119안전센터,경상북도 칠곡군 동명면 한티로 216,
칠곡소방서,북삼119안전센터,강원도 동해시 효자남길 33-10(동회동),
칠곡소방서,북삼119안전센터,경상북도 칠곡군 북삼읍 안산2길 46,
칠곡소방서,석적119안전센터,경상북도 칠곡군 석적읍 유학로 140,
칠곡소방서,왜관119안전센터,경상북도 칠곡군 기산면 칠곡대로 1216,
칠량119지역대,(산하 안전센터 없음),,
칠보119안전센터,(산하 안전센터 없음),,
칠서119지역대,(산하 안전센터 없음),,
칠성119안전센터,(산하 안전센터 없음),,
칠성119지역대,(산하 안전센터 없음),,
칠원119안전센터,(산하 안전센터 없음),,
침산119안전센터,(산하 안전센터 없음),,
탄방119안전센터,(산하 안전센터 없음),,
탄천119지역대,(산하 안전센터 없음),,
탄현119안전센터,(산하 안전센터 없음),,
탕정119안전센터,(산하 안전센터 없음),,
태백소방서,철암119안전센터,강원도 태백시 동태백로 552,
태백소방서,화전119안전센터,강원도 태백시 태백로 814,
태백소방서,황지119안전센터,강원도 태백시 태백로 1120(황지동),
태봉119안전센터,(산하 안전센터 없음),,
태안119안전센터,(산하 안전센터 없음),,
태안119안전센터,(산하 안전센터 없음),,
태안소방서,근흥119안전센터,충청남도 태안군 근흥면 신진대교길 201-8,
태안소방서,안면119안전센터,충청남도 태안군 안면읍 장터로 77,
태안소방서,원북119안전센터,충청남도 태안군 원북면 원이로 1031,
태안소방서,태안119안전센터,충청남도 태안군 태안읍 동백로 100,
태인119지역대,(산하 안전센터 없음),,
태장119안전센터,(산하 안전센터 없음),,
태전119안전센터,(산하 안전센터 없음),,
태평119안전센터,(산하 안전센터 없음),,
태평119안전센터,(산하 안전센터 없음),,
태화119안전센터,(산하 안전센터 없음),,
터널구조대,(산하 안전센터 없음),,
통영소방서,도남119안전센터,경상남도 통영시 도남로257,
통영소방서,무전119안전센터,경상남도 통영시 원문로 71,
통영소방서,서호119안전센터,경상남도 통영시 중앙로 91-8,
통영소방서,소방정대,경상남도 통영시 도남로 257,
통영소방서,죽림119안전센터,경상남도 통영시 광도면 죽림4로 49,
통일119안전센터,(산하 안전센터 없음),,
통진119안전센터,(산하 안전센터 없음),,
퇴촌119지역대,(산하 안전센터 없음),,
특수구조단,(산하 안전센터 없음),,
특수구조단,(산하 안전센터 없음),,
특수대응단,(산하 안전센터 없음),,
특수대응단,(산하 안전센터 없음),,
파장119안전센터,(산하 안전센터 없음),,
파주119지역대,(산하 안전센터 없음),,
파주소방서,광탄119안전센터,경기도 파주시 광탄면 혜음로 1040,
파주소방서,교하119안전센터,경기도 파주시 청석로 301,
파주소방서,금촌119안전센터,경기도 파주시 가나무로 136,
파주소방서,법원119안전센터,경기도 파주시 법원읍 화합로 141,
파주소방서,운정119안전센터,경기도 파주시 와석순환로 90,
파주소방서,월롱119안전센터,경기도 파주시 월롱면 엘씨디로 310,
파주소방서,적성119안전센터,경기도 파주시 적성면 감악산로 1220,
파주소방서,탄현119안전센터,경기도 파주시 탄현면 필승로 458,
파주소방서,통일119안전센터,경기도 파주시 파주읍 통일로 1564,
파평119지역대,(산하 안전센터 없음),,
판교119안전센터,(산하 안전센터 없음),,
판교119안전센터,(산하 안전센터 없음),,
팔룡119안전센터,(산하 안전센터 없음),,
팔복119안전센터,(산하 안전센터 없음),,
팔봉119안전센터,(산하 안전센터 없음),,
팔봉119안전센터,(산하 안전센터 없음),,
팔탄119안전센터,(산하 안전센터 없음),,
팽성119안전센터,(산하 안전센터 없음),,
평거119안전센터,(산하 안전센터 없음),,
평내119안전센터,(산하 안전센터 없음),,
평동119안전센터,(산하 안전센터 없음),,
평리119안전센터,(산하 안전센터 없음),,
평산119안전센터,(산하 안전센터 없음),,
평여119안전센터,(산하 안전센터 없음),,
평창119안전센터,(산하 안전센터 없음),,
평창소방서,대관령119안전센터,강원도 평창군 대관령면 올림픽로 62-20,
평창소방서,대화119안전센터,강원도 평창군 대화면 평창대로 934,
평창소방서,봉평119안전센터,강원도 평창군 봉평면 기풍로 107-6,
평창소방서,진부119안전센터,강원도 평창군 진부면 진부로 37,
평창소방서,평창119안전센터,강원도 평창군 평창읍 살구실길 10,
평택소방서,비전119안전센터,경기도 평택시 중앙로 273,
평택소방서,세교119안전센터,경기도 평택시 세교4로 21 (세교동),
평택소방서,신장119안전센터,경기도 평택시 경기대로 1627,
평택소방서,안중119안전센터,경기도 평택시 안중읍 안현로서7길 28,
평택소방서,팽성119안전센터,경기도 평택시 팽성읍 팽성송화로 172,
평택소방서,포승119안전센터,경기도 평택시 포승읍 평택항로 156번길 11,
평화119안전센터,(산하 안전센터 없음),,
포곡119안전센터,(산하 안전센터 없음),,
포남119안전센터,(산하 안전센터 없음),,
포두119지역대,(산하 안전센터 없음),,
포승119안전센터,(산하 안전센터 없음),,
포천소방서,가산119안전센터,경기도 포천시 포천로 890,
포천소방서,군내119안전센터,경기도 포천시 호국로 1538,
포천소방서,내촌119안전센터,경기도 포천시 내촌면 내촌로 120,
포천소방서,선단119안전센터,경기도 포천시 호국로 1007-33,
포천소방서,소흘119안전센터,경기도 포천시 소흘읍 송우로 182,
포천소방서,영북119안전센터,경기도 포천시 영북면 영북로 144,
포천소방서,영중119안전센터,경기도 포천시 영중면 양문로 66,
포천소방서,일동119안전센터,경기도 포천시 일동면 영일로 978,
포항남부소방서,구룡포119안전센터,경상북도 포항시 남구 구룡포읍 호미로 265,
포항남부소방서,덕산119안전센터,경상북도 포항시 북구 중앙로 332,
포항남부소방서,연일119안전센터,경상북도 포항시 남구 연일읍 철강로 10,
포항남부소방서,오천119안전센터,충청남도 보령시 오천면 충청수영로 701,
포항남부소방서,오천119안전센터,경상북도 포항시 남구 오천읍 해병로 369,
포항남부소방서,울릉119안전센터,경상북도 울릉군 울릉읍 울릉순환로 415,
포항남부소방서,일월119안전센터,경상북도 포항시 남구 동해안로 5890,
포항남부소방서,제철119안전센터,경상북도 포항시 남구 철강로 360,
포항남부소방서,해도119안전센터,경상북도 포항시 남구 중앙로 118,
포항남부소방서,효자119안전센터,전라북도 전주시 완산구 거마평로 73,
포항남부소방서,효자119안전센터,경상북도 포항시 남구 지곡로212번길 45,
포항북부소방서,기계119안전센터,경상북도 포항시 북구 기계면 기계로 371,
포항북부소방서,덕산119안전센터,충청북도 진천군 덕산읍 초금로 606-1,
포항북부소방서,두호119안전센터,경상북도 포항시 북구 삼호로 305,
포항북부소방서,장량119안전센터,경상북도 포항시 북구 법원로 158,
포항북부소방서,흥해119안전센터,경상북도 포항시 북구 흥해읍 중성로 67,
표선119안전센터,(산하 안전센터 없음),,
풍각119안전센터,(산하 안전센터 없음),,
풍각119안전센터,(산하 안전센터 없음),,
풍기119안전센터,(산하 안전센터 없음),,
풍동119안전센터,(산하 안전센터 없음),,
풍산119안전센터,(산하 안전센터 없음),,
풍세119안전센터,(산하 안전센터 없음),,
풍암119안전센터,(산하 안전센터 없음),,
풍양119지역대,(산하 안전센터 없음),,
풍호119안전센터,(산하 안전센터 없음),,
하계119안전센터,(산하 안전센터 없음),,
하남119안전센터,(산하 안전센터 없음),,
하남119안전센터,(산하 안전센터 없음),,
하남소방서,감일119안전센터,경기도 하남시 감일백제로 77,
하남소방서,덕풍119안전센터,경기도 하남시 덕풍서로 60,
하남소방서,미사119안전센터,경기도 하남시 미사강변대로 190,
하남소방서,신장119안전센터,경기도 하남시 대청로 76,
하단119안전센터,(산하 안전센터 없음),,
하당119안전센터,(산하 안전센터 없음),,
하대원119안전센터,(산하 안전센터 없음),,
하동119안전센터,(산하 안전센터 없음),,
하동소방서,금성119안전센터,경상남도 하동군 금성면 금성로 15,
하동소방서,진교119안전센터,경상남도 하동군 진교면 진양로 27,
하동소방서,하동119안전센터,경상남도 하동군 적량면 공설운동장로 169,
하동소방서,화개119안전센터,경상남도 하동군 화개면 쌍계로 58,
하북119안전센터,(산하 안전센터 없음),,
하북119안전센터,(산하 안전센터 없음),,
하빈119지역대,(산하 안전센터 없음),,
하성119안전센터,(산하 안전센터 없음),,
하안119안전센터,(산하 안전센터 없음),,
하양119안전센터,(산하 안전센터 없음),,
하의119지역대,(산하 안전센터 없음),,
하일119지역대,(산하 안전센터 없음),,
하장119지역대,(산하 안전센터 없음),,
하점119지역대,(산하 안전센터 없음),,
하조대119안전센터,(산하 안전센터 없음),,
하청119지역대,(산하 안전센터 없음),,
하회119지역대,(산하 안전센터 없음),,
학교119지역대,(산하 안전센터 없음),,
학동119안전센터,(산하 안전센터 없음),,
학산119안전센터,(산하 안전센터 없음),,
학산119지역대,(산하 안전센터 없음),,
학성119안전센터,(산하 안전센터 없음),,
학장119안전센터,(산하 안전센터 없음),,
한강로119안전센터,(산하 안전센터 없음),,
한경119안전센터,(산하 안전센터 없음),,
한림119안전센터,(산하 안전센터 없음),,
한림119안전센터,(산하 안전센터 없음),,
한반도119지역대,(산하 안전센터 없음),,
한산119안전센터,(산하 안전센터 없음),,
한솔119안전센터,(산하 안전센터 없음),,
함라119지역대,(산하 안전센터 없음),,
함안소방서,가야119안전센터,경상남도 함안군 가야읍 선왕길 59,
함안소방서,군북119안전센터,경상남도 함안군 군북면 함마대로 760,
함안소방서,대가야119안전센터,경상북도 고령군 대가야읍 벽화길 18,
함안소방서,칠원119안전센터,경상남도 함안군 칠원읍 용산2길 121,
함양119안전센터,(산하 안전센터 없음),,
함양산악구조대,(산하 안전센터 없음),,
함양소방서,안의119안전센터,경상남도 함양군 안의면 금성길 19,
함양소방서,함양119안전센터,경상남도 함양군 함양읍 고운로 161-41,
함열119안전센터,(산하 안전센터 없음),,
함창119안전센터,(산하 안전센터 없음),,
함평119안전센터,(산하 안전센터 없음),,
함평소방서,나산119안전센터,전라남도 함평군 나산면 함장로 2786,
함평소방서,함평119안전센터,전라남도 함평군 대동면 함장로 1202-93,
합덕119안전센터,(산하 안전센터 없음),,
합천119안전센터,(산하 안전센터 없음),,
합천소방서,북부119안전센터,경상남도 김해시 해반천로 166,
합천소방서,북부119안전센터,경상남도 합천군 야로면 월광2길 5,
합천소방서,삼가119안전센터,경상남도 합천군 삼가면 삼가로 287,
합천소방서,초계119안전센터,경상남도 합천군 초계면 양동로 6-16,
합천소방서,합천119안전센터,경상남도 합천군 합천읍 인덕로 2453,
항공구조구급대,(산하 안전센터 없음),,
항공구조구급대,(산하 안전센터 없음),,
항공구조구급대,(산하 안전센터 없음),,
항공대,(산하 안전센터 없음),,
항공대,(산하 안전센터 없음),,
항공팀,(산하 안전센터 없음),,
항만119안전센터,(산하 안전센터 없음),,
항만119안전센터,(산하 안전센터 없음),,
항만소방서,가야119안전센터,부산광역시 부산진구 가야대로 627(가야동),
항만소방서,강동119안전센터,부산광역시 강서구 제도로 696(강동동),
항만소방서,남산119안전센터,부산광역시 금정구 두실로 46(남산동),
항만소방서,동삼119안전센터,부산광역시 영도구 해양로 297(동삼동),
항만소방서,부곡119안전센터,부산광역시 금정구 중앙대로 1789(부곡동),
항만소방서,부두119안전센터,부산광역시 동구 충장대로 286(좌천동),
항만소방서,사직119안전센터,부산광역시 동래구 체육공원로 74(사직동),
항만소방서,송정119안전센터,부산광역시 해운대구 송정중앙로15번길 16(송정동),
항만소방서,신평119안전센터,부산광역시 사하구 장평로 270(신평동),
항만소방서,연산119안전센터,부산광역시 연제구 고분로 216(연산동),
항만소방서,영선119안전센터,부산광역시 영도구 태종로 115(영선동1가),
항만소방서,제1소방정대,부산광역시 동구 충장대로 286(좌천동),
항만소방서,제2소방정대,부산광역시 사하구 감천항로 35(감천동),
항만소방서,중앙119안전센터,부산광역시 중구 중앙대로 110(중앙동4가),
항만소방서,청학119안전센터,부산광역시 영도구 태종로 274(청학동),
해남119안전센터,(산하 안전센터 없음),,
해남소방서,땅끝119안전센터,전라남도 해남군 송지면 미야길 237-3,
해남소방서,해남119안전센터,전라남도 해남군 해남읍 교육청길 82,
해도119안전센터,(산하 안전센터 없음),,
해룡119안전센터,(산하 안전센터 없음),,
해리119지역대,(산하 안전센터 없음),,
해미119안전센터,(산하 안전센터 없음),,
해안119지역대,(산하 안전센터 없음),,
해운대소방서,반여119안전센터,부산광역시 해운대구 선수촌로 21번길 64(반여동),
해운대소방서,센텀119안전센터,부산광역시 해운대구 센텀동로 50(우동),
해운대소방서,우동119안전센터,부산광역시 해운대구 해운대해변로 106(우동),
해운대소방서,좌동119안전센터,부산광역시 해운대구 대천로67번길 35(좌동),
해인사119지역대,(산하 안전센터 없음),,
해제119안전센터,(산하 안전센터 없음),,
해평119안전센터,(산하 안전센터 없음),,
행당119안전센터,(산하 안전센터 없음),,
행신119안전센터,(산하 안전센터 없음),,
향남119안전센터,(산하 안전센터 없음),,
혁신119안전센터,(산하 안전센터 없음),,
혁신119안전센터,(산하 안전센터 없음),,
현내119지역대,(산하 안전센터 없음),,
현산119지역대,(산하 안전센터 없음),,
현서119지역대,(산하 안전센터 없음),,
현풍119안전센터,(산하 안전센터 없음),,
현풍119안전센터,(산하 안전센터 없음),,
호계119안전센터,(산하 안전센터 없음),,
호남119안전센터,(산하 안전센터 없음),,
호매실119안전센터,(산하 안전센터 없음),,
호법119지역대,(산하 안전센터 없음),,
호암119안전센터,(산하 안전센터 없음),,
호원119안전센터,(산하 안전센터 없음),,
홍교119안전센터,(산하 안전센터 없음),,
홍농119안전센터,(산하 안전센터 없음),,
홍산119안전센터,(산하 안전센터 없음),,
홍성소방서,갈산119안전센터,충청남도 홍성군 갈산면 갈산로150번길 16,
홍성소방서,광천119안전센터,충청남도 홍성군 광천읍 충서로 354,
홍성소방서,구룡119안전센터,충청남도 홍성군 홍성읍 충절로 741,
홍성소방서,내포119안전센터,충청남도 홍성군 홍북읍 의향로 133,
홍성소방서,옥암119안전센터,충청남도 홍성군 홍성읍 충서로 1258,
홍은119안전센터,(산하 안전센터 없음),,
홍천119안전센터,(산하 안전센터 없음),,
홍천소방서,서석119안전센터,강원도 홍천군 서석면 풍암길2길 9,
홍천소방서,양덕원119안전센터,강원도 홍천군 남면 시동로 46,
홍천소방서,홍천119안전센터,강원도 홍천군 홍천읍 공작산로 99,
화개119안전센터,(산하 안전센터 없음),,
화곡119안전센터,(산하 안전센터 없음),,
화남119지역대,(산하 안전센터 없음),,
화남119지역대,(산하 안전센터 없음),,
화도119안전센터,(산하 안전센터 없음),,
화도119지역대,(산하 안전센터 없음),,
화명119안전센터,(산하 안전센터 없음),,
화북119안전센터,(산하 안전센터 없음),,
화북119지역대,(산하 안전센터 없음),,
화산119안전센터,(산하 안전센터 없음),,
화산119안전센터,(산하 안전센터 없음),,
화산119지역대,(산하 안전센터 없음),,
화산119지역대,(산하 안전센터 없음),,
화서119안전센터,(산하 안전센터 없음),,
화성소방서,남양119안전센터,경기도 화성시 남양읍 남양시장로 48,
화성소방서,목동119안전센터,서울특별시 양천구 안양천로 1139 (목동),
화성소방서,목동119안전센터,경기도 화성시 동탄신리천로 359,
화성소방서,반송119안전센터,부산광역시 해운대구 아랫반송로 10,
화성소방서,반송119안전센터,경기도 화성시 동탄반석로 188,
화성소방서,봉담119안전센터,경기도 화성시 봉담읍 동화새터길 135,
화성소방서,장안119안전센터,부산광역시 기장군 장안읍 길천3길 11,
화성소방서,장안119안전센터,경기도 화성시 장안면 3.1만세로 119,
화성소방서,정남119안전센터,경기도 화성시 정남면 정남동로 514,
화성소방서,태안119안전센터,경기도 화성시 병점중앙로 148,
화성소방서,팔탄119안전센터,경기도 화성시 팔탄면 구장길 2,
화성소방서,향남119안전센터,경기도 화성시 향남읍 향남로 399,
화순119안전센터,(산하 안전센터 없음),,
화순소방서,능주119안전센터,전라남도 화순군 능주면 지석로 1428,
화순소방서,동복119안전센터,전라남도 화순군 동복면 천변길 7,
화순소방서,화순119안전센터,전라남도 화순군 화순읍 학포로 2750,
화암119안전센터,(산하 안전센터 없음),,
화암119지역대,(산하 안전센터 없음),,
화양119지역대,(산하 안전센터 없음),,
화양119지역대,(산하 안전센터 없음),,
화양119지역대,(산하 안전센터 없음),,
화원119안전센터,(산하 안전센터 없음),,
화원119안전센터,(산하 안전센터 없음),,
화원119지역대,(산하 안전센터 없음),,
화전119안전센터,(산하 안전센터 없음),,
화전119안전센터,(산하 안전센터 없음),,
화정119안전센터,(산하 안전센터 없음),,
화정119안전센터,(산하 안전센터 없음),,
화천119안전센터,(산하 안전센터 없음),,
화천소방서,화천119안전센터,강원도 화천군 하남면 위라리길 47,
화촌119지역대,(산하 안전센터 없음),,
화학119구조대,(산하 안전센터 없음),,
화학119구조대,(산하 안전센터 없음),,
화현119지역대,(산하 안전센터 없음),,
환동해특수대응단,(산하 안전센터 없음),,
황간119안전센터,(산하 안전센터 없음),,
황금119안전센터,(산하 안전센터 없음),,
황등119지역대,(산하 안전센터 없음),,
황산119지역대,(산하 안전센터 없음),,
황오119안전센터,(산하 안전센터 없음),,
황전119지역대,(산하 안전센터 없음),,
황지119안전센터,(산하 안전센터 없음),,
회동119안전센터,(산하 안전센터 없음),,
회인119지역대,(산하 안전센터 없음),,
회진119지역대,(산하 안전센터 없음),,
회천119안전센터,(산하 안전센터 없음),,
회천119지역대,(산하 안전센터 없음),,
회현119안전센터,(산하 안전센터 없음),,
회현119지역대,(산하 안전센터 없음),,
회화119안전센터,(산하 안전센터 없음),,
횡성119안전센터,(산하 안전센터 없음),,
횡성소방서,공근119안전센터,강원도 횡성군 공근면 영서로 130-5,
횡성소방서,둔내119안전센터,강원도 횡성군 둔내면 고원남로 42,
횡성소방서,우천119안전센터,강원도 횡성군 우천면 서동로 199,
횡성소방서,횡성119안전센터,강원도 횡성군 횡성읍 문예로 157,
횡성항공대,(산하 안전센터 없음),,
횡천119지역대,(산하 안전센터 없음),,
효돈119안전센터,(산하 안전센터 없음),,
효령119지역대,(산하 안전센터 없음),,
효성119안전센터,(산하 안전센터 없음),,
효자119안전센터,(산하 안전센터 없음),,
효자119안전센터,(산하 안전센터 없음),,
효자119안전센터,(산하 안전센터 없음),,
후암119안전센터,(산하 안전센터 없음),,
후평119안전센터,(산하 안전센터 없음),,
후포119안전센터,(산하 안전센터 없음),,
휘경119안전센터,(산하 안전센터 없음),,
흑산119지역대,(산하 안전센터 없음),,
흥덕119안전센터,(산하 안전센터 없음),,
흥선119안전센터,(산하 안전센터 없음),,
흥업119안전센터,(산하 안전센터 없음),,
흥천119지역대,(산하 안전센터 없음),,
흥해119안전센터,(산하 안전센터 없음),,
